class, f0, f1, f2, f3, f4, f5, f6, f7, f8, f9, f10, f11, f12, f13, f14, f15
 0, 0.7807267693134985, 0.0, 0.25528298495446206, 0.214428921006899, 0.9555931398128008, 0.8070103006863738, 0.04947624111086784, 0.12312005129567996, 0.9835602947211837, 0.0, 0.0, 0.7974532153782938, 0.0, 0.0, 0.0, 0.46777155055358044
 0, 0.9243644499035634, 0.0, 0.17144221758586833, 0.214428921006899, 0.9182406854019904, 0.9211170718671006, 0.04947624111086784, 0.10529645260347438, 0.8132862172118486, 0.0, 0.18742105018650476, 0.9682032717461466, 0.0, 0.008286529903515, 0.0, 0.4503665554152478
 0, 0.8637009248051011, 0.0, 0.16869747142519023, 0.214428921006899, 0.9078392216102095, 0.9703857024030441, 0.06111702544087745, 0.10529645260347438, 0.9438867759714399, 0.0, 0.0, 0.8031236522124919, 0.0, 0.0, 0.0, 0.36252226484800854
 0, 0.874429120907889, 0.0, 0.19467211395053782, 0.214428921006899, 0.8968495969710473, 0.9137765538049557, 0.04947624111086784, 0.10529645260347438, 0.8833148319814029, 0.0, 0.0, 0.8468884537649453, 0.0, 0.0, 0.0, 0.49367168592206145
 0, 1.0, 0.0, 0.2056696168101218, 0.214428921006899, 0.8965113513495322, 0.9280839554687086, 0.04947624111086784, 0.10529645260347438, 1.0, 0.0, 0.0, 0.9329957497355456, 0.0, 0.0, 0.0, 0.48708673484420417
 0, 0.8675413866949181, 0.0, 0.059214885807189935, 0.214428921006899, 1.0, 0.9920592146221932, 0.04947624111086784, 0.10529645260347438, 0.8114762094790655, 0.0, 0.0, 0.9212363193222624, 0.0, 0.0, 0.0, 0.4816718771139612
 0, 0.7376571990312705, 0.0, 0.2035077780953371, 0.214428921006899, 0.9972559442229615, 0.8285664642293115, 0.04947624111086784, 0.10529645260347438, 0.7895114981895529, 0.0, 0.141901664755963, 1.0, 0.0, 0.0, 0.0, 0.4214362196236684
 0, 0.8703389194934504, 0.0, 0.2815582748246171, 0.214428921006899, 0.9468251436837071, 0.8428084431237903, 0.04947624111086784, 0.16979846169897975, 0.7584015592225988, 0.0, 0.0, 0.934634913681443, 0.0, 0.0, 0.0, 0.4784987209816326
 0, 0.8653034039906524, 0.0, 0.11995392491358263, 0.214428921006899, 0.8932082501486835, 0.9417287707633168, 0.04947624111086784, 0.10529645260347438, 0.9036314716473579, 0.0, 0.0, 0.7450158490001638, 0.0, 0.0, 0.0, 0.42292511717523984
 0, 0.8513618401165783, 0.0, 0.1925642703466212, 0.214428921006899, 0.9456272879259656, 1.0, 0.04947624111086784, 0.10529645260347438, 0.7941707473216039, 0.0, 0.37311105470837397, 0.862910649293129, 0.09079864217940802, 0.007185751895870783, 0.0, 0.5486688153129547
 0, 0.8735256945445438, 0.0, 0.22483282375558558, 0.214428921006899, 0.9886246623841864, 0.8503812357587793, 0.04947624111086784, 0.11493062845667526, 0.8723476141625601, 0.0, 0.0, 0.8294909871893611, 0.0, 0.04399826947890343, 0.0, 0.4302278947990034
 0, 0.9117741964493539, 0.0, 0.1953533862103716, 0.214428921006899, 0.9237316359280637, 0.9272761145950219, 0.04947624111086784, 0.10529645260347438, 0.8949228501435167, 0.0, 0.0, 0.8540000838478387, 0.0, 0.0, 0.0, 0.35103565368715467
 0, 0.9246683991393104, 0.0, 0.08895249407544865, 0.214428921006899, 0.9563778292771417, 0.8912305727216359, 0.04947624111086784, 0.10529645260347438, 0.8597546569830432, 0.0, 0.8783636423898779, 0.9755205892245989, 0.0, 0.0, 0.0, 0.43018032996128125
 0, 0.8893152351234741, 0.0, 0.13290418186423825, 0.214428921006899, 0.9441949963027485, 0.9158898046174903, 0.04947624111086784, 0.10529645260347438, 0.8899976143572615, 0.0, 0.5943616723448639, 0.9066881492784566, 0.0, 0.0, 0.0, 0.4465036263612027
 0, 0.8001704150378802, 0.00487355858194044, 0.10733926730162183, 0.214428921006899, 0.9814666370589963, 0.8526400552694293, 0.04947624111086784, 0.10529645260347438, 0.8237466980989624, 0.0, 0.0, 0.8922448443805863, 0.0, 0.009835418747285671, 0.049852952586170646, 0.49244401278949673
 1, 0.0, 0.0, 0.8852095203713813, 0.214428921006899, 0.02507216408275702, 0.612920777280998, 0.9436477046620736, 0.10529645260347438, 0.05241477148663855, 0.0, 0.0, 0.0, 0.0, 0.0037085188628221263, 0.0, 0.08295851408429926
 1, 0.0, 0.029384313777440482, 1.0, 0.214428921006899, 0.02507216408275702, 0.6688668590965163, 0.9215681667002444, 0.11821648563831107, 0.0, 0.0, 0.0, 0.0, 0.0, 0.0, 0.0, 0.08295851408429926
 1, 0.035855585488635856, 0.0, 0.9653085719906604, 0.214428921006899, 0.02507216408275702, 0.6526633690482402, 0.9037098953956165, 0.10529645260347438, 0.0, 0.0, 0.0, 0.0, 0.0, 0.0, 0.0, 0.08295851408429926
 1, 0.0, 0.0, 0.939462841179418, 0.214428921006899, 0.02507216408275702, 0.6198834581348804, 0.9408380604412596, 0.10529645260347438, 0.0, 0.0, 0.0, 0.04301102551182796, 0.0, 0.0, 0.0, 0.08295851408429926
 1, 0.0, 0.0, 0.875769140412298, 0.214428921006899, 0.02507216408275702, 0.6971161913230832, 0.9314741875127511, 0.10529645260347438, 0.0, 0.00985992551695221, 0.0, 0.0, 0.030015443727572647, 0.0, 0.0, 0.12621371859914612
 1, 0.0, 0.0, 0.9272288622849754, 0.214428921006899, 0.07004779937293301, 0.632196461495372, 0.9018311174361687, 0.10529645260347438, 0.0, 0.0, 0.0, 0.0, 0.0761170255481061, 0.0, 0.0, 0.08295851408429926
 1, 0.04629906935658663, 0.0, 0.8984890568672318, 0.214428921006899, 0.02507216408275702, 0.6257384908841539, 0.921971511125035, 0.10529645260347438, 0.026629415045785833, 0.030793706615242555, 0.0, 0.0, 0.031410616605032186, 0.0, 0.0, 0.08295851408429926
 1, 0.0, 0.0, 0.9316609852836589, 0.214428921006899, 0.02507216408275702, 0.6617553574635339, 0.91126392048133, 0.10529645260347438, 0.0, 0.0, 0.0, 0.0, 0.0, 0.0, 0.0, 0.08295851408429926
 1, 0.0, 0.08314843528260558, 0.9305042902983419, 0.214428921006899, 0.02507216408275702, 0.6966888130292539, 0.9314450371057685, 0.10529645260347438, 0.0, 0.0, 0.0, 0.00393886221466163, 0.0, 0.0, 0.0, 0.09936581079338834
 1, 0.0, 0.0, 0.8684608070415442, 0.214428921006899, 0.02507216408275702, 0.6769559730255077, 0.945587867907773, 0.10529645260347438, 0.0, 0.0, 0.0, 0.0, 0.0, 0.0, 0.0, 0.08295851408429926
 1, 0.0, 0.0, 0.9068756272664478, 0.214428921006899, 0.02507216408275702, 0.6345948246399401, 0.9142004239776836, 0.15355955756269773, 0.0, 0.0, 0.0, 0.0, 0.0, 0.0, 0.0, 0.08295851408429926
 1, 0.0, 0.0, 0.9191360319842272, 0.214428921006899, 0.02507216408275702, 0.6437584018654513, 0.9451710357356341, 0.10529645260347438, 0.0, 0.0, 0.0, 0.0, 0.0, 0.0, 0.0, 0.08295851408429926
 1, 0.014963535137485495, 0.0, 0.9745033325658699, 0.214428921006899, 0.02507216408275702, 0.6689005075626666, 0.9338170834493119, 0.10529645260347438, 0.0, 0.0, 0.0, 0.0, 0.0, 0.0, 0.0, 0.08295851408429926
 1, 0.0, 0.0, 0.8749497700081285, 0.214428921006899, 0.02507216408275702, 0.6240839048600976, 0.9588203363957685, 0.10529645260347438, 0.0, 0.0, 0.34897234742460115, 0.00997518026212556, 0.0, 0.0, 0.0, 0.08295851408429926
 1, 0.0, 0.0, 0.8602966043865999, 0.21788282097506903, 0.02507216408275702, 0.5815373131779433, 1.0, 0.10529645260347438, 0.0, 0.0, 0.0, 0.0, 0.0, 0.0, 0.0, 0.08295851408429926
 2, 0.0, 0.0, 0.3552204150146598, 0.214428921006899, 0.02507216408275702, 0.05260607590726354, 0.10690209316551844, 0.26888015711278795, 0.0, 0.0, 0.9461989056547754, 0.529142614490425, 0.0, 0.0, 0.0, 0.8791770344088712
 2, 0.0, 0.0, 0.33503521261653996, 0.214428921006899, 0.02507216408275702, 0.06725910439634408, 0.04117206542793256, 0.2664647440038598, 0.0, 0.0, 0.0, 0.5470778498242748, 0.0, 0.0, 0.0, 0.8885773710630153
 2, 0.0, 0.02970414177370205, 0.3970680007107812, 0.214428921006899, 0.02507216408275702, 0.020377190602262382, 0.1063010965348415, 0.20438377397435123, 0.0, 0.0, 0.442099700993338, 0.4597786679479086, 0.0, 0.0, 0.0, 0.9203696876775758
 2, 0.0, 0.0, 0.4079681741411651, 0.31337817941076146, 0.02507216408275702, 0.0, 0.10274697052149338, 0.10417337791789703, 0.0, 0.0, 0.0, 0.4994362839557052, 0.0, 0.0, 0.0, 0.947125000670092
 2, 0.0, 0.0, 0.48375760456198225, 0.214428921006899, 0.02507216408275702, 0.1327201846787394, 0.12008074189376446, 0.2244700470369969, 0.0, 0.03924999728491436, 0.0, 0.5729702084337884, 0.0, 0.0, 0.0, 0.9979239356994164
 2, 0.0, 0.0, 0.4340827651822725, 0.214428921006899, 0.02507216408275702, 0.14368619759855297, 0.11757294202518931, 0.2981560309516596, 0.0, 0.0, 0.0, 0.522478052677548, 0.0, 0.0, 0.0, 1.0
 2, 0.0, 0.0, 0.42347886271138885, 0.214428921006899, 0.02507216408275702, 0.028750169081263727, 0.03537365037704185, 0.03388604509068256, 0.0015938067077333005, 0.0, 0.0, 0.5688935840395081, 0.0, 0.0, 0.0, 0.9791456412089726
 2, 0.0, 0.0, 0.46311247297551095, 0.214428921006899, 0.02507216408275702, 0.13738252600620007, 0.06419443008535121, 0.07280939525885902, 0.0, 0.0, 0.0, 0.37884277289440904, 0.0, 0.0, 0.0, 0.9325873059679944
 2, 0.0, 0.0, 0.42598261706140145, 0.214428921006899, 0.02507216408275702, 0.026933034602962348, 0.0, 0.15908381922576578, 0.0, 0.0, 0.0, 0.528307938248441, 0.0, 0.0, 0.0, 0.9478380504148515
 2, 0.00414167343034202, 0.0, 0.49241635445788395, 0.214428921006899, 0.0598219471766972, 0.06562261939412302, 0.14953895841456513, 0.2955396899818209, 0.0, 0.0, 0.0, 0.5202395137020807, 0.0, 0.0, 0.045240893714752754, 0.9893314691915355
 2, 0.0, 0.0, 0.36568128823361973, 0.214428921006899, 0.02507216408275702, 0.09798149328069243, 0.06634960062452078, 0.19306428654789873, 0.0, 0.0, 0.1395243739438962, 0.5111981990745044, 0.0, 0.0, 0.0, 0.974602192051384
 2, 0.0, 0.0, 0.4006177127810398, 0.214428921006899, 0.02507216408275702, 0.04118429027205733, 0.10216799864703965, 0.16981420891165847, 0.0, 0.0, 0.0, 0.44233496294993485, 0.0, 0.0, 0.0, 0.9562398301853244
 2, 0.0, 0.10373330811054128, 0.4345593757667346, 0.214428921006899, 0.05621893936022522, 0.05097996418280933, 0.12714126936765585, 0.2917115332862553, 0.0, 0.0, 0.0, 0.5161545098329305, 0.0, 0.0, 0.0, 0.8364035504059081
 2, 0.0, 0.0, 0.37731592584364143, 0.214428921006899, 0.02507216408275702, 0.07615999147374895, 0.12227891741518016, 0.0, 0.0, 0.0, 0.0, 0.581935373585863, 0.0, 0.014042959597002212, 0.0, 0.9012428245259135
 2, 0.0, 0.0, 0.3103834947945487, 0.214428921006899, 0.02507216408275702, 0.21526069394445108, 0.05967596031556454, 0.0971904757045191, 0.0, 0.0, 0.0, 0.5957407734115261, 0.0, 0.0, 0.0, 0.9581623557713681
 3, 0.7535103247982955, 0.0, 0.6737775063715055, 0.214428921006899, 0.02507216408275702, 0.3339985739258314, 0.04947624111086784, 0.14259317441471242, 0.41891492962812155, 0.0, 0.0, 0.0, 0.08135779078459872, 0.6460956173555668, 0.0, 0.10598039923834175
 3, 0.788282872364407, 0.0, 0.5003263495686459, 0.214428921006899, 0.02507216408275702, 0.18095004999658884, 0.04947624111086784, 0.10529645260347438, 0.4487311304520044, 0.0, 0.0, 0.0, 0.04450121004148661, 0.7662109732044524, 0.0, 0.0535855796621891
 3, 0.7801408143928183, 0.0, 0.5651446477590247, 0.214428921006899, 0.02507216408275702, 0.3580915731363149, 0.04947624111086784, 0.13110726383844232, 0.38752420157312767, 0.0, 0.0, 0.0, 0.05986994291894753, 0.7698775107312599, 0.0, 0.11112282996877261
 3, 0.6892625780081011, 0.0, 0.5444025397714454, 0.214428921006899, 0.02507216408275702, 0.3111581716849521, 0.04947624111086784, 0.10529645260347438, 0.27089278851305315, 0.0, 0.0, 0.0, 0.0, 0.7529156446690558, 0.0, 0.17426009835443104
 3, 0.8439109446749409, 0.0, 0.4549761313523595, 0.22293352422060067, 0.02507216408275702, 0.36295035996371783, 0.06989337088464595, 0.10529645260347438, 0.36156788786764976, 0.0, 0.0, 0.0, 0.0, 0.8394509976298895, 0.0, 0.10346652524075198
 3, 0.7286507423079834, 0.0, 0.6327745437888428, 0.214428921006899, 0.02507216408275702, 0.3285968332474202, 0.04947624111086784, 0.10529645260347438, 0.33793243203629836, 0.0, 0.0, 0.0, 0.0, 0.7884665670217694, 0.0, 0.049816644747199636
 3, 0.6991409415044723, 0.09490292124400727, 0.7281266708422667, 0.214428921006899, 0.025855716640772797, 0.16377321421522076, 0.04947624111086784, 0.10529645260347438, 0.45885772691976856, 0.0, 0.745865095075425, 0.0, 0.0, 0.8307736273916737, 0.0, 0.02964513518757712
 3, 0.7332454351781853, 0.0, 0.5035278351470394, 0.214428921006899, 0.02507216408275702, 0.3492666764480077, 0.04947624111086784, 0.10529645260347438, 0.343165312030601, 0.0, 0.0, 0.0, 0.0, 0.7845371975957658, 0.0, 0.0
 3, 0.7260514851420923, 0.0, 0.42072251769572255, 0.214428921006899, 0.02507216408275702, 0.38803061176961345, 0.09052907545259223, 0.10529645260347438, 0.3556145702702869, 0.0, 0.0, 0.0, 0.0, 0.8574592213589519, 0.025744152340838437, 0.1495108603097813
 3, 0.7197438795845265, 0.0, 0.5028403755335036, 0.214428921006899, 0.02507216408275702, 0.29221545476853145, 0.04947624111086784, 0.1432417799951909, 0.4542759651710973, 0.0, 0.0, 0.0, 0.0, 0.9536025516418631, 0.0, 0.1649287992259279
 3, 0.6348656670220022, 0.004104493395835316, 0.5597906493794157, 0.214428921006899, 0.02507216408275702, 0.3065097366108152, 0.04947624111086784, 0.10529645260347438, 0.32862284905084066, 0.0, 0.0, 0.0, 0.0, 0.7985200733991562, 0.0, 0.12631581735245484
 3, 0.793516491395969, 0.0, 0.6262784409860301, 0.214428921006899, 0.02507216408275702, 0.3716684519892855, 0.04947624111086784, 0.10529645260347438, 0.19428341763309, 0.0, 0.0, 0.0, 0.0, 0.733761854305117, 0.021004202098026694, 0.04497109447512842
 3, 0.6690783984375479, 0.0, 0.5296330942679119, 0.214428921006899, 0.02507216408275702, 0.40256086674205993, 0.04947624111086784, 0.10529645260347438, 0.3304874824044291, 0.0, 0.0, 0.0, 0.0, 0.8716470136147572, 0.0, 0.1140522311589389
 3, 0.7839688401374445, 0.0, 0.5165698523146964, 0.214428921006899, 0.06519104198904345, 0.4433132249009284, 0.04947624111086784, 0.155606022376083, 0.3841108875832908, 0.0, 0.0, 0.0, 0.0, 0.8240807489462901, 0.0, 0.0685938253270075
 3, 0.7449861583047738, 0.0, 0.5791757010159402, 0.2754844579758147, 0.061346752011813964, 0.43201283427778214, 0.04947624111086784, 0.10529645260347438, 0.3045859635425874, 0.0, 0.0, 0.0, 0.0, 0.8567579977316617, 0.0, 0.11075618935678196
 4, 0.0, 0.9961704009782621, 0.0930871222233913, 0.214428921006899, 0.8346750335410273, 0.016135132833820735, 0.04947624111086784, 0.13284383919667322, 0.0, 0.0, 0.0, 0.004272265503380958, 0.0, 0.2887320334003408, 0.0, 0.5587476647605272
 4, 0.0, 0.998815129122, 0.0934878372861671, 0.214428921006899, 0.8350306447011162, 0.016135132833820735, 0.06352565646993759, 0.10529645260347438, 0.0, 0.0, 0.24387469529411962, 0.002909234577679772, 0.0, 0.2883265536772677, 0.0, 0.5577617301589941
 4, 0.008751280788693408, 1.0, 0.09399579784678781, 0.23327939287698227, 0.8357727410753342, 0.016135132833820735, 0.04947624111086784, 0.12667970229385575, 0.0, 0.0, 0.10770492152961995, 0.004135667984231067, 0.0, 0.2893209250752108, 0.032523117194208744, 0.5589125231796791
 4, 0.0, 0.9966571954262732, 0.09421911260785895, 0.214428921006899, 0.8353424479881247, 0.016135132833820735, 0.04947624111086784, 0.10529645260347438, 0.0, 0.041726847497274226, 0.0, 0.00399466959564117, 0.0, 0.2869774720997584, 0.0, 0.5577188486019384
 4, 0.02059118920518725, 0.9940177001235367, 0.09296998917734878, 0.214428921006899, 0.8351669429929229, 0.016135132833820735, 0.04947624111086784, 0.10529645260347438, 0.0, 0.0, 0.0, 0.0036832213247279567, 0.0, 0.2879985023858544, 0.0, 0.5587380806474712
 4, 0.0, 0.9997744358096988, 0.09371509488122272, 0.214428921006899, 0.8361402227469272, 0.016135132833820735, 0.05718727345139615, 0.10529645260347438, 0.0, 0.0, 0.0, 0.004239713649773785, 0.0, 0.288751016582062, 0.0, 0.5589679175550681
 4, 0.0, 0.993850716993542, 0.09268386089260644, 0.214428921006899, 0.8353470168496542, 0.016135132833820735, 0.05734045571039554, 0.10529645260347438, 0.0, 0.0, 0.0, 0.004335994912080618, 0.0, 0.28854619970353784, 0.0, 0.5585421840874548
 4, 0.0, 0.9982382579546489, 0.09437909075200042, 0.214428921006899, 0.8354032836382269, 0.016135132833820735, 0.04947624111086784, 0.10529645260347438, 0.0, 0.04774172078570145, 0.0, 0.004035878916459831, 0.0, 0.2889654210994971, 0.0, 0.5584533443893278
 4, 0.01849573736441494, 0.996328803459995, 0.09340277661013331, 0.214428921006899, 0.8356933020469467, 0.016135132833820735, 0.04947624111086784, 0.10529645260347438, 0.0, 0.0, 0.0, 0.004334009630908813, 0.0, 0.28828855046480445, 0.0, 0.5583390022133279
 4, 0.0, 0.9962083718467852, 0.09427376721243302, 0.214428921006899, 0.8353770226912166, 0.016135132833820735, 0.04947624111086784, 0.10529645260347438, 0.0, 0.0, 0.0, 0.004005965416199932, 0.0, 0.28807796689079895, 0.0, 0.5584146356522517
 4, 0.0, 0.997930204830363, 0.09452787488682356, 0.214428921006899, 0.8349337863243875, 0.016135132833820735, 0.04947624111086784, 0.10529645260347438, 6.461637776248979E-4, 0.0, 0.0, 0.0034024451927790983, 0.0, 0.28874084088947427, 0.0, 0.558185968455551
 4, 0.0, 0.9966252710692302, 0.094129690744206, 0.214428921006899, 0.8360149373098935, 0.016135132833820735, 0.04947624111086784, 0.10529645260347438, 0.0, 0.0, 0.0, 0.004277186294144125, 0.0, 0.28781880226419176, 0.0, 0.5593395161137757
 4, 0.0, 0.9964580077326707, 0.09245282898655968, 0.214428921006899, 0.8354317720616611, 0.016135132833820735, 0.04947624111086784, 0.10529645260347438, 0.0, 0.0, 0.5172268146416018, 0.004681929297942484, 0.0, 0.2882875755202468, 0.0, 0.5581991424490317
 4, 0.0, 0.9990928712079467, 0.09484263071930267, 0.214428921006899, 0.8356229666749181, 0.016135132833820735, 0.04947624111086784, 0.10529645260347438, 0.007965979599313272, 0.0, 0.0, 0.003519518841870649, 0.0, 0.28834392888000354, 0.0, 0.5591066761639368
 4, 0.0, 0.9951576009294757, 0.09425995176142067, 0.214428921006899, 0.8356763181556285, 0.06538651756063707, 0.04947624111086784, 0.10529645260347438, 0.0, 0.0, 0.0, 0.0038025985732676555, 0.0, 0.2874781839583399, 0.0, 0.5581534354172849
 5, 0.23548226239695114, 0.0, 0.0, 0.214428921006899, 0.8223417157345537, 0.016135132833820735, 0.04947624111086784, 0.9460084017354238, 0.0, 0.0, 0.0, 0.0, 0.0, 0.8147043505535024, 0.0, 0.08295851408429926
 5, 0.27652818904160437, 0.0, 0.0, 0.214428921006899, 0.98041957410977, 0.016135132833820735, 0.04947624111086784, 0.8542075262903726, 0.0, 0.0, 0.0, 0.007187378562968989, 0.0, 1.0, 0.0, 0.08295851408429926
 5, 0.2655819567593334, 0.0, 0.0, 0.214428921006899, 0.881348030410805, 0.016135132833820735, 0.04947624111086784, 0.8659172436608963, 0.03890073393037017, 0.0, 0.5565965705931297, 0.051021949093439545, 0.0, 0.7834998326519794, 0.0, 0.08295851408429926
 5, 0.24937865855848332, 0.0, 0.0, 0.214428921006899, 0.8350674721890412, 0.016135132833820735, 0.04947624111086784, 0.9260738503602289, 0.0, 0.0, 0.8412918969354174, 0.0, 0.0, 0.867763453760518, 0.0, 0.08295851408429926
 5, 0.19560006761278706, 0.0, 0.0, 0.3207985632740858, 0.8292706161096649, 0.016135132833820735, 0.04947624111086784, 0.8436218260655496, 0.0, 0.0, 0.0, 0.0, 0.0, 0.8793287289887425, 0.0, 0.08295851408429926
 5, 0.23610211813143686, 0.0, 0.0, 0.214428921006899, 0.7937328840415775, 0.016135132833820735, 0.04947624111086784, 0.9118298453463688, 0.0, 0.0, 0.8343938524762582, 0.0, 0.0, 0.8986842109753298, 0.0, 0.12645045426337642
 5, 0.3687555475998751, 0.0, 0.0, 0.214428921006899, 0.8101125037579272, 0.04998645541681909, 0.04947624111086784, 0.7125366703872861, 0.0, 0.0, 0.0, 0.0, 0.061300579023712595, 0.8078907915252531, 0.0, 0.08295851408429926
 5, 0.2575563435326859, 0.0, 0.0, 0.214428921006899, 0.817753521773751, 0.016135132833820735, 0.04947624111086784, 0.80183807094178, 0.0, 0.0, 0.0, 0.0, 0.0, 0.8631626079272465, 0.0, 0.08295851408429926
 5, 0.16516882913454436, 0.0, 0.0, 0.3154836977815973, 0.8993805915864254, 0.016135132833820735, 0.04947624111086784, 0.9925963121283443, 0.0, 0.0, 0.18961854304050046, 0.0, 0.0, 0.9338700611759981, 0.0, 0.08295851408429926
 5, 0.3271223046606967, 0.0, 0.0, 0.214428921006899, 0.8989890334811507, 0.016135132833820735, 0.04947624111086784, 0.8227381894706097, 0.0, 0.0, 0.0, 0.0, 0.0, 0.8248597713644876, 0.0, 0.08295851408429926
 5, 0.28847623132694367, 0.0, 0.0, 0.214428921006899, 0.8397554045872719, 0.051482984493270434, 0.04947624111086784, 0.9051936585547189, 0.0, 0.0, 0.0, 0.0, 0.0, 0.8003441513274988, 0.06246807715974308, 0.11329945895871353
 5, 0.24387999268869584, 0.0, 0.0, 0.214428921006899, 0.8894183603142395, 0.054465118920193976, 0.04947624111086784, 0.9044017131653608, 0.0, 0.0, 0.0, 0.0, 0.0, 0.8918481881084517, 0.0, 0.08295851408429926
 5, 0.24604500050573516, 0.0, 0.03109972317531283, 0.214428921006899, 0.8268182730877861, 0.016135132833820735, 0.04947624111086784, 1.0, 0.0, 0.0, 0.0, 0.0, 0.039296238225157466, 0.8145286084679657, 0.0, 0.08295851408429926
 5, 0.20807252056807193, 0.0, 0.029952919510164325, 0.214428921006899, 0.8917678779893222, 0.016135132833820735, 0.04947624111086784, 0.8765437783901401, 0.0, 0.0, 0.0, 0.0, 0.0, 0.8642232466293155, 0.0, 0.08295851408429926
 5, 0.25660490093803523, 0.0, 0.0, 0.214428921006899, 0.8641510682923905, 0.016135132833820735, 0.04947624111086784, 0.9393315524403784, 0.0, 0.04469190768483939, 0.0, 0.04834998265221416, 0.0, 0.8323394027419339, 0.0, 0.08295851408429926
 6, 0.6227046386996671, 0.0, 0.0, 0.214428921006899, 0.5007819912041647, 0.6467954549859406, 0.05289442102522198, 0.10529645260347438, 0.0, 0.8017501136380728, 0.0, 0.0, 0.0, 0.0, 0.0, 0.08295851408429926
 6, 0.6206257950383665, 0.0, 0.0, 0.214428921006899, 0.49487657597343715, 0.6457294312604047, 0.06026836141438227, 0.10529645260347438, 0.0, 0.7996969006139061, 0.0, 0.0, 0.0, 0.0, 0.0, 0.1191931338279797
 6, 0.6226511334176257, 0.0, 0.0, 0.214428921006899, 0.4975373736302108, 0.6537998853676826, 0.04947624111086784, 0.10529645260347438, 0.0, 0.8010877929562523, 0.0, 0.0, 0.0, 0.0, 0.0, 0.08295851408429926
 6, 0.6220421186281484, 0.0, 0.0, 0.2587452090402224, 0.5018573734353435, 0.651915918619913, 0.079010488864527, 0.1511994240322922, 0.0, 0.7965045385594484, 0.0, 0.0, 0.0, 0.0, 0.041582373754100656, 0.08295851408429926
 6, 0.621566013449112, 0.0, 0.0, 0.214428921006899, 0.49425646865084166, 0.6485373219080529, 0.04947624111086784, 0.10529645260347438, 0.0, 0.7968629529021698, 0.0, 0.0, 0.0, 0.0, 0.0, 0.08295851408429926
 6, 0.6221054655338449, 0.0, 0.0, 0.214428921006899, 0.5018514615831992, 0.6546790124087853, 0.04947624111086784, 0.10529645260347438, 0.0, 0.7980999457461446, 0.0, 0.0, 0.0, 0.0, 0.0, 0.08295851408429926
 6, 0.6179027088676321, 0.0, 0.0, 0.214428921006899, 0.5001010193183212, 0.6470000716331693, 0.04947624111086784, 0.10529645260347438, 0.0, 0.8001416596899971, 0.0, 0.0, 0.0, 0.0, 0.0, 0.08295851408429926
 6, 0.6156153741458328, 0.0, 0.0, 0.214428921006899, 0.49907236329664284, 0.6468156285555979, 0.04947624111086784, 0.10529645260347438, 0.0, 0.8032446185431052, 0.0, 0.0, 0.0, 0.0, 0.05672389152481968, 0.11683836373509768
 6, 0.6164976582365446, 0.0, 0.0, 0.214428921006899, 0.4978432200927639, 0.6432501652371199, 0.04947624111086784, 0.10529645260347438, 0.0, 0.7900911194180336, 0.0, 0.0, 0.0, 0.0, 0.0, 0.08295851408429926
 6, 0.6195671467085505, 0.0, 0.0, 0.214428921006899, 0.4998056699873277, 0.6451794849881282, 0.04947624111086784, 0.10529645260347438, 0.0, 0.8010111889510254, 0.0, 0.0, 0.0, 0.0, 0.0, 0.08295851408429926
 6, 0.6188461458582832, 0.0, 0.0, 0.214428921006899, 0.5019924070191376, 0.643470166068778, 0.04947624111086784, 0.10529645260347438, 0.0, 0.8081428812464055, 0.0, 0.0, 0.0, 0.0, 0.04124167904026162, 0.08295851408429926
 6, 0.6211051535298209, 0.0, 0.03623468634054033, 0.214428921006899, 0.5002478657656229, 0.6535493593807276, 0.04947624111086784, 0.10529645260347438, 0.0, 0.7956175725422904, 0.1822871223207983, 0.0, 0.004104265973072585, 0.0, 0.0, 0.08295851408429926
 6, 0.6142915032805596, 0.0, 0.0, 0.214428921006899, 0.5044174518530604, 0.6473227270216951, 0.04947624111086784, 0.10529645260347438, 0.0, 0.7894371242425192, 0.0, 0.0, 0.0, 0.0, 0.0, 0.08295851408429926
 6, 0.6211741475442192, 0.0, 0.0, 0.214428921006899, 0.5008948206400669, 0.6535824907797521, 0.04947624111086784, 0.10529645260347438, 0.0, 0.7969217212188426, 0.0, 0.0, 0.0, 0.0, 0.02972609548025899, 0.12533127938590655
 6, 0.6232379297953398, 0.0, 0.0, 0.214428921006899, 0.4991421101717276, 0.6534948169293154, 0.04947624111086784, 0.10529645260347438, 0.0, 0.7943735255970217, 0.16626446800232383, 0.0, 0.0, 0.0, 0.0, 0.08295851408429926
 7, 0.4304454339268264, 0.0, 0.7558619489909514, 0.8940473963774483, 0.043903114614166204, 0.8919600293803269, 0.04947624111086784, 0.10529645260347438, 0.9172744950823205, 0.9721763788934257, 0.0, 0.26001436763919866, 0.0, 0.3815289865288094, 0.0, 0.08295851408429926
 7, 0.4936425218055795, 0.0, 0.7893215883177109, 0.8908764997473906, 0.0217915171381651, 0.9363595243132354, 0.04947624111086784, 0.10529645260347438, 0.9640749344687756, 0.905440853535913, 0.0, 0.2568755105037103, 0.0, 0.3478525583753911, 0.056023703967780475, 0.08295851408429926
 7, 0.4495422775982088, 0.0, 0.741883518218887, 0.8839856098385049, 0.07332570673529977, 0.9369540938684473, 0.04947624111086784, 0.10529645260347438, 0.9435708343048236, 0.9126846379771109, 0.0, 0.2546950811708096, 0.0, 0.37519438889122414, 0.0, 0.08295851408429926
 7, 0.4074269774116689, 0.0, 0.7448150347980901, 0.9085859859562619, 0.0, 0.8682868153418811, 0.04947624111086784, 0.10529645260347438, 0.9694950390923136, 0.8970938918810308, 0.0, 0.23869858991823836, 0.0, 0.35915724207475086, 0.0, 0.10196835804354809
 7, 0.44655380129529576, 0.0, 0.7765929462874889, 0.9709386663530671, 0.06475815865686113, 0.8898052436269906, 0.04947624111086784, 0.10529645260347438, 0.9587712475972077, 0.9688864090949674, 0.0, 0.26494043859365335, 0.0, 0.3348865735546765, 0.0, 0.08295851408429926
 7, 0.40454877263423106, 0.0, 0.74194548016295, 0.9316921789511494, 0.08589322050644392, 0.8680533197804366, 0.04947624111086784, 0.10529645260347438, 0.9340245510987668, 0.9331730750785848, 0.0, 0.26510858778521285, 0.0, 0.3750311972313693, 0.0, 0.08295851408429926
 7, 0.4876443842711089, 0.0, 0.7545334229254702, 0.9094765438072475, 0.02656245996555957, 0.8908251061589982, 0.04947624111086784, 0.12194009274141482, 0.9558243183002245, 0.9608580367753238, 0.0, 0.25636982884634635, 0.0, 0.37192844263654085, 0.0, 0.08295851408429926
 7, 0.43524166842653667, 0.0, 0.7256027439144362, 0.8465613994136539, 0.02957159284445489, 0.854914752126222, 0.04947624111086784, 0.10529645260347438, 0.917682831165307, 0.9597911366185002, 0.0, 0.2550067070115754, 0.0, 0.3758889057018747, 0.0, 0.09632120873505928
 7, 0.44216237601115604, 0.0, 0.7634575631814975, 0.8579387728739168, 0.054782867783701145, 0.8581024919360039, 0.04947624111086784, 0.10529645260347438, 0.8988766103943342, 0.9258624794610011, 0.0, 0.24256051791543629, 0.0, 0.3840309157510332, 0.0, 0.08295851408429926
 7, 0.4398153174666144, 0.0, 0.7451655009732554, 0.9456193136503008, 0.01657333181651949, 0.896274173273093, 0.04947624111086784, 0.10529645260347438, 0.879264284736994, 0.9038966952098154, 0.12043204363509272, 0.26595255949952046, 0.0, 0.37566631458544913, 0.0, 0.08295851408429926
 7, 0.45802907759099665, 0.0, 0.7312441334637452, 0.9068636674047792, 0.028348075696287726, 0.8928096226045773, 0.04947624111086784, 0.11938796148204225, 0.9261781734059874, 0.9137015695517459, 0.0, 0.2347615879152186, 0.0, 0.3930670018102585, 0.0, 0.08295851408429926
 7, 0.4280841943252948, 0.0, 0.7635766793558192, 0.8872598163536504, 0.027587652341045727, 0.8834851829103761, 0.04947624111086784, 0.1316081883236848, 0.938784558804007, 1.0, 0.0, 0.23829286775337893, 0.0, 0.3474548858611654, 0.0, 0.08295851408429926
 7, 0.48108350437130487, 0.028963256735987392, 0.7598676560279931, 0.9208573242131958, 0.02268214013749103, 0.8550432564621456, 0.04947624111086784, 0.13104894324749042, 0.9648173825955275, 0.9666087461321433, 0.0, 0.27155912632336865, 0.0, 0.37667022104924813, 0.0, 0.08295851408429926
 7, 0.4499267677830365, 0.0, 0.7291919676263567, 1.0, 0.01952492012543511, 0.8646788430366309, 0.04947624111086784, 0.10529645260347438, 0.9658509622913655, 0.9217176417592413, 0.0, 0.2582482220834244, 0.0, 0.35868534119611345, 0.0, 0.08295851408429926
 7, 0.44395598994125157, 0.0, 0.7816281702500075, 0.8723464331412575, 0.021339229750786448, 0.8636861931621876, 0.04947624111086784, 0.10529645260347438, 0.9231853116251667, 0.9940803273450458, 0.0, 0.24762297228872904, 0.06951489483361403, 0.3383393475167685, 0.0, 0.08295851408429926
 8, 0.0, 0.0, 0.17092115310592718, 0.26692568182955545, 0.2669528292009914, 0.016135132833820735, 0.8875161937481002, 0.10529645260347438, 0.3679391853172071, 0.0, 0.0, 0.0, 0.7558873568763878, 0.0, 0.97460994807276, 0.4481638469409889
 8, 0.0, 0.0, 0.11948138823904769, 0.0, 0.31048512729716493, 0.016135132833820735, 0.8826555863217665, 0.10529645260347438, 0.38389253965944603, 0.0, 0.0, 0.0, 0.8679071502517515, 0.0, 1.0, 0.417812659437178
 8, 0.0, 0.0, 0.16439643076295982, 0.2754126527442644, 0.3291201441205852, 0.016135132833820735, 0.8434389942987484, 0.10529645260347438, 0.4859948069188008, 0.0, 0.0, 0.0, 1.0, 0.003518164442669097, 0.9141528701784625, 0.46453221078014545
 8, 0.0, 0.0, 0.29574612025480973, 0.22034295571105722, 0.35044790633136336, 0.016135132833820735, 0.7578627799766559, 0.10529645260347438, 0.4288773082496605, 0.0, 0.0, 0.0, 0.7511322558453656, 0.0, 0.925721547690057, 0.4128563729740736
 8, 0.0, 0.0, 0.22035337616649997, 0.21363365142730814, 0.2569907506831861, 0.048256077228577846, 0.829326513329615, 0.10529645260347438, 0.3384827902633856, 0.0, 0.739290452190503, 0.0, 0.8695715506001025, 0.0, 0.9698579016669294, 0.3791699019208757
 8, 0.0, 0.0094627976613305, 0.20376260771017243, 0.30386820502508605, 0.1674656204958795, 0.016135132833820735, 0.8451381486497498, 0.10529645260347438, 0.3541210085301252, 0.0, 0.0, 0.0, 0.8018226541481493, 0.0, 0.9171421027822019, 0.48153178593907797
 8, 0.0, 0.0, 0.1315116736354866, 0.436668811735185, 0.30538935145467466, 0.016135132833820735, 0.8092113284152974, 0.10529645260347438, 0.350672376755434, 0.0, 0.0, 0.0, 0.83162662970453, 0.0, 0.9647011336179373, 0.44086580182203167
 8, 0.0, 0.0, 0.18948552288523335, 0.22780924825873336, 0.3971122671965806, 0.016135132833820735, 0.8748575276771781, 0.10529645260347438, 0.4703472642335472, 0.0, 0.0, 0.0, 0.9967751700133737, 0.0, 0.906013759883213, 0.44835698378472083
 8, 0.0, 0.0, 0.21213193380064857, 0.3245402126623679, 0.27369256678060583, 0.016135132833820735, 0.9183971410258446, 0.10529645260347438, 0.5184796534175604, 0.0, 0.0, 0.0, 0.9719500057119231, 0.0, 0.944684760635042, 0.4413676419191822
 8, 0.0, 0.0, 0.22826859709641076, 0.24753726165152606, 0.29795314047878596, 0.016135132833820735, 0.8217053603192099, 0.10529645260347438, 0.39758673554364427, 0.0, 1.0, 0.0, 0.8600122666694505, 0.0, 0.8286597351723017, 0.39786172762673955
 8, 0.0, 0.0, 0.28275502781742395, 0.22618629324676837, 0.1618765524691994, 0.016135132833820735, 0.8210908951747496, 0.11475017549103694, 0.3305217574974488, 0.0, 0.0, 0.008885087616771417, 0.8454983091220694, 0.02419941015486126, 0.9843855214933982, 0.42491519742464284
 8, 0.0, 0.0, 0.14425232461474674, 0.3385911118701096, 0.36298767379600816, 0.016135132833820735, 0.8750912602989599, 0.10529645260347438, 0.3176213933860294, 0.0, 0.0, 0.0, 0.9037578934751009, 0.0, 0.8313696749605685, 0.4181308289097371
 8, 0.0, 0.0, 0.11639059476731589, 0.19222589018836878, 0.2834657898330573, 0.016135132833820735, 0.851061462161979, 0.10529645260347438, 0.4853824774409175, 0.0, 0.37565597093052144, 0.0, 0.8992729694374662, 0.0, 0.8659950740087099, 0.4431688876737486
 8, 0.0037786267233319766, 0.0, 0.11276757409769976, 0.27749500675792893, 0.3535786501130659, 0.016135132833820735, 0.8828678870306277, 0.10529645260347438, 0.2765444200438178, 0.0, 0.0, 0.0, 0.8458373751269536, 0.0, 0.8147547136396586, 0.49654711429868137
 8, 0.0, 0.0, 0.12658521610033305, 0.15820363529687603, 0.3291730348388442, 0.016135132833820735, 0.8619681315711455, 0.10529645260347438, 0.3587958579956206, 0.0, 0.0, 0.0, 0.8507683360226732, 0.0, 0.9263883179083099, 0.45967963604026213
