classFirst,20,6,comma
4,0.369288682,-0.26137428,-0.825759025,-0.987021813,-0.914019395,-0.349618654,0.241196976,0.720693854,1.091437683,0.557287704,0.367606286,-0.270652558,-0.671986892,-0.976419129,-0.848516043,-0.365652499,0.299852518,0.668474859,0.790541741,0.813986569
5,0.150846657,-0.043672038,0.264000965,0.074820738,0.15051659,0.349217943,0.187856628,0.398295741,0.350178397,0.454252494,0.524043379,0.571567411,0.646151852,0.636806858,0.930243852,0.733476184,0.788671969,0.845879704,0.89203692,0.753162649
3,-0.634674737,-0.962537118,-0.986506438,-0.504625074,0.071160957,0.637833937,1.022234548,0.910415557,0.618326791,0.020474338,-0.552869742,-0.99388515,-0.909340087,-0.598403999,0.157145617,0.610663109,0.962249896,0.838800943,0.472510502,-0.142837233
3,-0.666391593,-0.966425835,-0.844716903,-0.517038387,0.112481438,0.596733526,0.98194191,0.969390792,0.53248618,-0.038099682,-0.720952714,-0.961595029,-0.943311204,-0.528396226,0.065002913,0.612520935,0.981935032,0.918406117,0.525165402,-0.100381075
3,-1.059038739,-0.937332995,-0.76055867,-0.538027998,0.046535993,0.666397504,1.003187971,0.915789284,0.582277131,-0.04780649,-0.650932163,-0.973240613,-0.910325046,-0.586862138,0.178702193,0.644563636,0.982458457,0.91704661,0.554763545,-0.315600828
3,-0.547391618,-0.953888706,-0.934793366,-0.521940147,0.349202119,0.637233395,0.969898518,0.804417295,0.529329494,-0.07742095,-0.650667096,-0.817307955,-0.911169001,-0.507891081,-0.115925606,0.664776611,0.97791594,1.079360745,0.550610351,-0.031374833
6,0.007250103,-0.011847383,-0.11229694,-0.183794024,-0.198216983,-0.247003195,-0.323634611,-0.345423278,-0.39265492,-0.433778238,-0.569624752,-0.550471837,-0.593975155,-0.711043992,-0.700487883,-0.775713611,-0.79536976,-0.752425987,-0.911048407,-0.971033568
2,-1.00340949,-0.811879774,-0.361232323,0.263974069,0.798909285,0.944403087,0.823947846,0.290721837,-0.305405834,-0.942699542,-1.020261323,-0.791259384,-0.102447064,0.295791481,0.802603081,0.94231579,0.823605114,0.324056217,-0.305534558,-0.751020363
1,-0.38256756,0.18549685,0.769866158,0.969753264,0.837134781,0.440404413,-0.218080642,-0.697721835,-1.04429999,-0.888764116,-0.335284221,0.313481601,0.811915868,1.01785476,0.760993833,0.450181331,-0.239745842,-0.743157405,-1.022512937,-0.837820884
5,0.003705598,-0.107265014,0.148781075,0.158562491,-0.016234069,0.297065236,0.255994811,0.36860712,0.375002022,0.554893181,0.497235904,0.529041817,0.582124816,0.613160204,0.561590892,0.821206946,0.834666141,0.873874588,0.929359365,1.078080929
6,0.087367111,-0.070812134,-0.080290472,-0.124025089,-0.153821022,-0.26690681,-0.05666366,-0.501432044,-0.419236947,-0.640872023,-0.551585062,-0.519475318,-0.805626048,-0.479173538,-0.675310923,-0.806301069,-0.799020165,-0.669781414,-0.887880943,-0.942586275
2,-1.116390991,-0.813342756,-0.329495101,0.304057178,0.794991059,1.016165619,0.82032775,0.320970045,-0.292914804,-0.857577102,-0.968950767,-0.808870131,-0.330687423,0.286264546,0.758519293,1.020157661,0.828858949,0.328155156,-0.287219425,-0.819239719
2,-1.227714994,-0.986269136,-0.307094138,0.118636873,0.801508104,0.977517765,0.788273438,0.331960143,-0.202476495,-0.78632571,-0.984880487,-0.698059322,0.110243063,0.361832997,0.881201061,0.862168856,0.825830554,0.490544614,-0.300510992,-0.75192504
3,-0.667523348,-0.968114663,-0.841890335,-0.282268335,0.085992914,0.456491506,0.988133639,0.727511839,0.546161458,-0.043388763,-0.599815948,-0.967646949,-0.992017913,-0.440749486,0.070195137,0.609496692,0.970884595,0.916970832,0.487831202,-0.099198337
3,-0.666541534,-0.958462616,-0.848759961,-0.409192284,0.077026106,0.618851007,1.073618655,0.908744677,0.496764691,-0.129930492,-0.644593518,-0.860256212,-0.949357006,-0.495213988,0.099360627,0.737160577,1.0048822,1.159026994,0.637649079,-0.075903868
4,0.389717824,-0.252930081,-1.058512791,-0.999667368,-0.393766724,-0.3106533,0.248483969,0.759065482,0.944954685,0.910162103,0.66996774,-0.316098474,-0.738160829,-0.982668403,-0.887782073,-0.34775269,0.270102418,0.769961152,0.956127235,0.978371542
4,0.44371817,-0.248953187,-0.672627862,-0.929784377,-0.87474017,-0.34635694,0.172113373,0.767019652,0.93728814,0.848751877,0.386787425,-0.25162088,-0.749301129,-1.050369392,-0.871581919,-0.379981774,0.139098278,0.764326874,0.918670627,0.851588263
1,-0.512878412,0.21346521,0.704069628,1.017315369,0.791772986,0.399069872,-0.237980357,-0.798681846,-0.921654621,-0.857708931,-0.381920922,0.237331261,0.769739862,0.996817554,0.879290377,0.390935532,-0.189343767,-0.734072034,-1.014414559,-1.040320267
5,-0.116235707,0.130059677,0.100421858,0.125811043,0.191494583,0.395723221,0.302233808,0.314562218,0.366401265,0.551094179,0.492721978,0.623002639,0.617886697,0.658411669,0.703862445,0.731694484,0.81514227,0.829592399,0.881852956,0.918401789
3,-0.665751065,-0.959308094,-0.919785156,-0.522013827,-0.067533113,0.75046647,0.970136398,0.939297783,0.581433466,-0.003291783,-0.997666306,-0.980779793,-0.934738181,-0.471021367,0.160267864,0.637456056,0.974423368,0.869637872,0.505949542,-0.075907017
2,-0.878789521,-0.827426703,-0.365195,0.344497351,0.958498436,0.915264143,0.748450397,0.314860067,-0.273107681,-0.798322233,-0.975204328,-0.817572822,-0.320289303,0.338522813,0.67322341,0.998165878,0.854691183,0.343878976,-0.279429465,-0.715129818
5,0.033208388,0.05279704,0.161383602,0.315518712,0.926717455,0.420385975,0.314437955,0.275894771,0.451065367,-0.11936776,-0.068267724,0.646454179,0.07189401,0.711576594,0.977199041,0.656816269,0.778432296,0.753951381,0.974667495,0.921866998
3,-0.674615795,-0.897274994,-0.851264127,-0.512537048,-0.051521081,0.753754728,1.023448131,0.884879983,0.491358135,-0.05934778,-0.671256491,-0.90814908,-0.91482139,-0.496071117,-0.100433302,0.478561237,0.88043999,1.075502134,0.3388038,-0.060412299
1,-0.344724866,0.207870337,0.781042472,1.013253465,1.000423623,0.364781308,-0.200587114,-0.757506291,-1.0127974,-0.786922826,-0.444001656,0.233510286,0.726171191,0.994414934,0.825826864,0.408770323,-0.239410256,-0.76835292,-1.002779899,-0.872037598
1,-0.460230228,0.194793598,0.482338549,1.021327279,0.855044285,0.379893145,-0.22571493,-0.622671023,-0.993954321,-0.504187097,-0.38524713,0.346716741,-0.093426999,0.885200023,1.022916033,0.366435456,-0.540567812,-0.780129872,-0.962231942,-0.901603634
2,-0.97142992,-0.744059705,-0.268597217,0.308511897,0.779474616,1.013722192,0.828906616,0.343175708,-0.337714255,-0.798166969,-1.0002076,-0.838778869,-0.3352914,0.351745557,0.789946685,0.992858849,0.81317127,0.237152783,-0.222149322,-0.777325083
5,0.018042226,0.02954342,0.112754014,0.12349679,0.19964351,0.188249282,0.302542986,0.281787147,0.450975857,0.441311208,0.512652576,0.549566423,0.658413372,0.647769132,0.689473658,0.75400776,0.710382948,0.822254002,0.972292939,0.949472281
1,-0.251724376,0.247826424,0.760968339,1.018493427,0.675388521,0.381704493,-0.240548302,-0.754863403,-0.994651386,-0.878395076,-0.545933786,0.187256467,0.748519854,0.973805816,0.937124386,0.397651349,-0.242738839,-0.805818833,-0.993561532,-0.906930666
1,-0.433312492,0.21350624,0.724229921,1.016794547,0.8345501,0.378562501,-0.18382714,-0.753715278,-1.014590407,-0.843076881,-0.393785625,0.221639302,0.823652615,1.043970938,0.911992211,0.364442932,-0.231041678,-0.737470109,-0.965173416,-0.705399782
3,-0.651957705,-0.960615403,-0.972222198,-0.531929708,0.058068834,0.647585597,0.991495506,0.938403824,0.513465557,-0.094290915,-0.465994751,-0.962523459,-0.926371164,-0.517061631,0.078088149,0.637240699,0.978126585,0.894847093,0.525887721,-0.071942129
4,0.468132033,-0.243231977,-0.741182993,-0.940774795,-0.87686849,-0.414250702,0.244988923,0.53589083,0.974569064,0.658720642,0.358095719,-0.322618286,-0.952980706,-0.893936304,-0.818592503,-0.309235141,0.270119588,0.727996108,0.875300762,0.688383477
6,0.015947896,-0.133053279,-0.14683998,-0.262319881,-0.352199141,0.067831752,-0.436711964,-0.238137991,-0.430106559,-0.478762085,-0.500981589,-0.549865266,-0.683508661,-0.715480684,-0.71052608,-0.765873358,-0.690591408,-0.934871894,-0.898836407,-0.971919894
6,-0.016983048,-0.043243501,-0.365457552,-0.242032608,-0.273419729,-0.274598209,-0.042526556,-0.425259474,-0.445360629,-0.452589307,-0.77724671,-0.473386211,-0.218956305,-0.485390285,-0.696706588,-0.739124588,-0.782764624,-0.779450024,-0.891572696,-0.932164525
3,-0.644344794,-0.986286778,-0.84735748,-0.527878759,0.077671889,0.668278924,0.88071184,0.928264125,0.562740736,-0.129596166,-0.642673631,-0.97929437,-0.936671113,-0.532554336,0.172153734,0.466889362,1.097829478,0.873934706,0.513426565,0.01427502
4,0.309244218,-0.278975207,-0.773095752,-0.985227447,-0.806938707,-0.378181839,0.256559432,0.762698677,1.000319097,0.838462849,0.361070161,-0.263683168,-0.799486654,-1.018186174,-0.860096185,-0.362791901,0.253708771,0.766098998,1.029129876,0.831455748
6,0.06597773,0.013865312,-1.098234357,-0.051068734,-0.20403939,-0.224833724,-0.253229081,-0.338268786,-0.35388171,-0.471870371,-0.470807031,-0.587233376,-0.661081703,-0.610019256,-0.743175796,-0.821548208,-0.796653988,-0.853315858,-0.889771266,-0.826442021
1,-0.483058778,0.254259092,0.792362369,0.97144622,0.920142722,0.461339383,-0.270811106,-0.781353666,-1.015335969,-1.035443313,-0.291049454,0.258381456,0.734345522,0.991823535,0.932575394,0.35536062,-0.203767889,-0.728722304,-1.001922727,-0.857683608
3,-0.663725801,-0.956786822,-0.87854075,-0.520957466,0.012159826,0.667067296,1.055074652,0.912817603,0.521385448,-0.109224251,-0.767470949,-0.975163251,-0.886199193,-0.535973685,0.068621094,0.649306059,0.940475111,0.943472698,0.521834962,-0.066343439
4,0.404784031,-0.261981834,-0.735002088,-0.961281172,-0.82858641,-0.326184787,0.278361621,0.76043144,1.053230899,0.864990216,0.461227462,-0.245670873,-0.792690564,-0.975037754,-0.822507969,-0.347373975,0.23398706,0.73935237,0.999078586,0.863096879
2,-0.977140984,-0.814812558,-0.339911541,0.319507141,0.846694962,0.966883942,0.835903781,0.312825509,-0.278142894,-0.808922385,-1.00028101,-0.81648129,-0.336309067,0.31067231,0.805342182,1.011953144,0.81082642,0.351026319,-0.323776479,-0.887321719
2,-0.878271811,-0.751012801,-0.410177348,0.252436537,0.669235475,1.085842789,0.788383028,0.337837961,-0.247661425,-0.785914885,-1.189635217,-0.829693077,-0.289962891,0.273847495,0.715433299,0.985243138,0.80873866,0.267212942,-0.379480241,-0.644078125
6,-0.009976963,-0.075758234,-0.143546155,-0.106339929,-0.180667095,-0.209585844,-0.309597333,-0.320423777,-0.482225267,-0.579699873,-0.499099017,-0.687276052,-0.606626465,-0.745168325,-0.670654854,-0.775967578,-0.794438754,-0.88786079,-0.942060881,-1.605572667
1,-0.377483635,0.244548464,0.718727169,1.007209361,0.82354807,0.373829428,-0.231546336,-0.744538329,-1.010772156,-0.859919798,-0.361322339,0.232844832,0.769297239,1.039453567,0.853675248,0.331709936,-0.236993227,-0.80686256,-1.028446134,-0.916015191
1,-0.335703732,-0.100719488,0.983820098,0.95666846,-0.307411871,0.332145933,-0.152487899,-0.795109429,-0.994504811,-0.801770309,-0.584780616,0.364002855,0.674486845,0.777040889,0.931310544,0.539637002,-0.300525063,-0.904546199,-0.965964828,-0.937765346
5,-0.011324466,0.063666055,0.147722068,0.061388943,0.183418518,0.29252311,0.361482637,0.280967357,0.336135182,0.467098538,0.479281703,0.547861447,0.6,0.601104847,0.697331202,0.714408654,0.795304493,0.699908199,0.914000718,0.989834664
5,-0.016588479,0.049472177,0.092083278,0.161128701,0.036072159,0.26602415,0.160087733,0.325861903,0.328934765,0.465370472,0.271402039,0.56310093,0.567749654,0.709756688,0.7,0.746977454,0.755619794,0.962544883,0.900666113,0.973375081
2,-0.971414805,-0.816761158,-0.395504056,0.277717633,0.709289509,1.007507239,0.832650449,0.343728815,-0.300619304,-0.831520483,-0.694489522,-0.849653586,-0.461608669,0.170321651,0.813502683,0.992292082,0.805208976,0.297053478,-0.300516436,-1.022352919
3,-0.698026863,-0.981164517,-0.925827583,-0.522174933,0.098396094,0.649654392,0.990296498,0.888375842,0.517083327,-0.073590263,-0.676643124,-0.982366433,-0.928281001,-0.515019529,0.07543403,0.657285113,0.98313781,0.921756911,0.519073927,-0.124764132
3,-0.692728135,-0.896771793,-0.884342962,-0.559773704,0.1794469,0.765883194,0.91426946,0.90130275,0.629195853,-0.113324716,-0.539733481,-1.028773129,-0.925549372,-0.473747218,0.402649354,0.652874435,0.948124588,1.120647913,0.579992101,-0.040656616
5,0.003449737,0.038117674,0.130299666,0.167367668,0.081340848,0.316137746,0.253287207,0.357398654,0.445243069,0.492296823,0.513056009,0.547820588,0.586805213,0.69584159,0.693615035,0.82604754,0.812443228,0.766817923,0.97382402,0.915190391
4,0.374098846,-0.246217138,-0.787950061,-1.012453667,-0.827819664,-0.308798374,0.254070261,0.977124317,1.024119727,0.860021675,0.280132111,-0.23157214,-0.903313922,-1.000742792,-0.735077416,-0.371106768,0.248345313,0.727546547,1.150110889,0.858727981
3,-0.652633133,-1.002314284,-0.939336205,-0.52024676,0.048032943,0.663410146,0.970186299,0.97087634,0.556617793,-0.140496803,-0.652653597,-0.973142389,-0.901608124,-0.520507724,0.065324198,0.668717801,0.986241034,0.920155658,0.546606687,-0.076672583
3,-0.624280601,-0.98865636,-1.007431368,-0.55259549,0.144392366,0.599986197,0.955979552,1.02945096,0.618347603,-0.072326011,-0.40960603,-0.88614371,-0.923021885,-0.569281714,0.177290624,0.669642015,1.2528573,1.037939314,0.466774526,0.107258781
1,-0.472180023,0.285729712,0.374639497,1.013647594,0.917304581,0.342304062,-0.221247414,-0.788354069,-0.956639861,-0.534743443,-0.37978192,0.202997575,0.841763614,0.991201028,0.978647675,0.377840091,-0.238182924,-0.790588102,-0.970694146,-1.198528263
4,0.511013914,-0.047147296,-0.820393213,-0.924126332,-0.85422101,-0.410144978,0.289726612,0.835855962,1.014922314,0.835163858,0.394270931,-0.132213933,-0.688934643,-1.011580816,-0.911381463,-0.222887305,0.278640849,0.72167685,1.043375223,0.871115125
2,-1.000510792,-0.672939391,-0.329588657,0.286678286,0.776838744,0.962905365,0.836826905,0.370727359,-0.360975484,-0.796630918,-1.002514027,-0.611615589,-0.301009864,0.226444936,0.816768842,1.00754108,0.805918603,0.294082198,-0.132087449,-0.798704559
4,0.339367741,-0.29783496,-0.788889314,-1.004714776,-0.804763241,-0.347406348,0.247726478,0.752697555,1.000315362,0.83163153,0.32413056,-0.272722336,-0.745321828,-1.00804348,-0.863032242,-0.369282511,0.245229315,0.77809117,0.997983408,0.899508492
5,0.072424438,0.034550554,0.111279328,0.097760463,0.248212318,0.310582749,0.297791261,0.354002217,0.454059781,0.476275793,0.490591186,0.583550891,0.606084229,0.7310572,0.435935588,0.78960867,0.806044996,0.891530199,0.985888197,0.954836647
4,0.409011172,-0.257110001,-0.863646365,-0.971052644,-0.681390998,-0.405708884,0.275931765,0.83195538,1.041673172,0.83568426,0.191447662,-0.280702269,-0.780705796,-1.059593711,-0.822262048,-0.335529022,0.238768054,0.768986084,0.984067297,0.839910375
6,-0.019983858,-0.021606878,-0.104804681,-0.177838865,-0.105094489,-0.277145537,-0.118407412,-0.431804735,-0.402837203,-0.443950553,-0.502269045,-0.514001931,-0.546292813,-0.632882633,-0.718095304,-0.761157599,-0.708140644,-0.781995149,-0.912237387,-0.910487111
1,-0.382137942,0.185336222,0.581316656,1.082726548,0.959145943,0.379312129,-0.259689783,-0.794789949,-0.784737713,-0.798850288,-0.486463298,0.231547324,0.766255822,0.987283602,0.850585863,0.385443438,-0.458802726,-0.736703103,-0.99871503,-0.787073026
1,-0.376497195,0.233356703,0.728618816,0.999953267,0.886324372,0.401254331,-0.187907697,-0.778003063,-1.033166235,-0.836206497,-0.378062671,0.22952825,0.737120336,1.017841761,0.891568489,0.506657337,-0.21872634,-0.623329482,-0.874670887,-0.94854414
4,0.557605425,-0.325324374,-0.781271175,-0.99293989,-0.830955613,-0.265225276,0.247694147,0.780174569,0.996687647,0.829501749,0.340043,-0.233318156,-0.797965388,-0.991488442,-0.858743523,-0.354154916,0.245735088,0.805010593,0.961100375,0.8443927
4,-0.020600731,-0.257644208,-0.781423094,-0.976842443,-0.836164708,-0.374467584,0.063591322,0.722757915,0.694270277,0.694279922,0.394745212,-0.35803174,-0.588428144,-0.988122661,-0.853596919,-0.333215664,0.300745124,0.852454169,0.813274512,0.699160848
4,0.252287639,-0.260406139,-0.719360449,-0.968319103,-0.838051082,-0.362363612,0.258282763,0.78392498,0.940644548,0.904548014,0.373242535,-0.273845287,-0.829858456,-1.041300725,-0.866766712,-0.336711889,0.21911084,0.812653775,1.036985863,0.810181746
6,-0.007676554,-0.035010405,-0.07040695,-0.098835685,-0.570870377,-0.176184296,-0.256009001,-0.394096017,0.063899522,-0.342429069,-0.501492036,-0.535713373,-0.676266761,-0.695490248,-0.65642292,-0.766392866,-0.908351981,-0.887350248,-0.893332478,-1.000713898
6,-0.39599945,-0.055451763,-0.090209942,-0.147373494,-0.386505192,-0.113585249,-0.286413136,-0.289469974,-0.582576021,-0.546822827,-0.099850441,-0.491015744,-0.622349422,-0.635118011,-0.736062659,-0.769840872,-0.795931581,-0.842852785,-0.923999205,-0.879934399
4,0.3941463,-0.280796375,-0.753475195,-0.963109016,-0.847188074,-0.381243301,0.286000493,0.780084501,0.97064353,0.854848699,0.363181304,-0.280551516,-0.515319702,-0.986328021,-0.834199857,-0.340106576,0.25995893,0.7651676,1.003452548,0.784496231
3,-0.603134401,-0.979491422,-0.666884919,-0.539263634,0.076883727,0.72468069,0.974974155,0.955165786,0.501491713,0.044075306,-0.715675555,-0.938367757,-0.883945155,-0.459115844,0.117326954,0.603507249,0.976512041,0.922901555,0.516594091,-0.075832519
5,0.05457293,0.039298559,0.087566577,0.153637729,0.174263423,0.270152906,0.311665695,0.369923789,0.394110541,0.457533629,0.552336171,0.552989657,0.62899283,0.68623486,0.688287802,0.75,0.812466044,0.862921945,0.944942932,0.956369035
2,-0.963470074,-0.909510715,-0.27018564,0.289487336,0.776945114,1.019265218,0.797641012,0.291807361,-0.184622426,-0.952595049,-0.821253189,-0.939594367,-0.362299161,0.228095593,0.698997532,0.989907998,0.777164041,0.336838225,-0.315177014,-0.960672745
1,-0.562962989,0.22531864,0.943586422,1.024390574,0.930772266,0.369846939,-0.256908631,-0.682075234,-1.034060803,-0.852221022,-0.232463148,0.237127665,0.785335663,0.972930572,0.941877221,0.359958789,-0.323071745,-0.624192425,-1.006173452,-0.686922311
6,0.006576703,-0.008036924,-0.113260036,-0.16315395,-0.225083521,-0.409131617,-0.374647982,-0.362497971,-0.505377947,-0.872959618,-0.380725229,-0.608613841,-0.625746047,-0.654042647,-0.679802097,-0.714534729,-0.777435223,-0.828567537,-0.970169497,-0.913658583
1,-0.394975507,0.211793577,0.827037567,0.986475948,0.800679634,0.332454871,-0.235177361,-0.74650552,-0.98095909,-0.847814053,-0.361176338,0.211086518,0.795800569,0.991238089,0.851826699,0.381582986,-0.236466681,-0.760442732,-0.942157143,-0.695647668
2,-0.966503707,-0.779538839,-0.315929648,0.284626638,0.86216246,1.114986969,0.817351819,0.311889145,-0.079106623,-0.799698743,-0.978029526,-0.802690934,-0.350981346,0.41007851,0.922056682,0.991768553,0.815011454,0.182895438,-0.66285271,-0.798588738
4,0.1882156,-0.248347151,-0.776314794,-0.987246425,-0.65408037,-0.497733507,0.255444874,0.77979427,1.138015608,0.851651385,0.527586883,-0.309867941,-0.621357014,-1.547703255,-0.507840118,-0.365876426,0.243378025,0.764726385,1.061349273,0.874550247
6,-0.076339179,-0.044118003,-0.083655683,-0.153737118,-0.160850838,-0.183896886,-0.285532068,-0.37734494,-0.389042084,-0.451594603,-0.398659098,-0.627891644,-0.620137296,-0.588736082,-0.700037388,-0.706774322,-0.739886121,-0.850633829,-0.88660122,-0.931133309
3,-0.688812468,-1.054325984,-0.932754259,-0.421013151,0.158920329,0.699182787,0.817258602,0.890348326,0.476634184,-0.113206823,-0.995118148,-1.108474618,-1.062348683,-0.543252611,0.142326742,0.658481914,0.971340577,0.906170143,0.512798949,-0.10416877
1,-0.345807081,0.23682825,0.627086562,0.975316329,1.054993653,0.359866783,-0.231434627,-0.792244191,-0.986662513,-0.843589691,-0.307179458,0.222937074,0.793092769,0.972227233,0.866616062,0.495033632,-0.152865311,-0.655345203,-0.950370337,-0.814514782
3,-0.545663915,-0.863114541,-0.86264864,-0.51190432,0.159990793,0.555760815,1.015286917,0.786746221,0.520748555,0.115053544,-0.71244373,-0.934254951,-0.946163708,-0.412453699,-0.090813355,0.635497131,0.97697505,0.858405467,0.571866404,0.078506516
4,0.40370518,-0.243446116,-0.368359699,-0.941117883,-0.913221818,-0.310019284,0.331090751,0.750815279,1.08292369,0.709306704,0.295219958,-0.301238507,-0.84424362,-0.866160684,-0.831866666,-0.345474007,0.229390718,0.877896725,0.986635232,0.835235206
5,-0.039725346,0.029962444,0.158047565,0.138264015,0.244889704,0.237776026,0.302530698,0.354762515,0.4152948,0.417576563,0.555373187,0.576134663,0.640518882,0.68440764,0.510786666,0.752762954,0.802828954,0.817250385,0.99863015,0.947497825
6,-0.013821189,-0.049844358,-0.195621737,-0.117240397,-0.195334612,-0.313646707,-0.318070652,-0.361340523,-0.404349977,-0.382650007,-0.670321872,-0.547413879,-0.602204367,-0.651787799,-0.70004781,-0.76964332,-0.827340985,-0.839186975,-0.89105713,-0.948968509
1,-0.394038333,0.220289129,0.895867988,0.960832211,0.795145126,0.300357768,-0.342441852,-0.804426564,-0.82129551,-0.962197377,-0.55569531,0.150934975,0.757748011,0.720426308,0.778393394,0.25966788,-0.25436749,-0.754223121,-1.016781248,-0.94949863
5,0.011211188,0.054400595,0.106351768,0.161519516,0.090544664,0.24081611,0.268391619,0.266366481,0.347295474,0.440684324,0.512732081,0.54973606,0.61072394,0.615432235,0.692948023,0.781331362,0.801967244,0.887693685,0.918187362,0.950330725
6,-0.111303548,-0.016976129,0.010620227,-0.155012982,-0.253998832,-0.289516387,-0.292242523,-0.302537422,-0.377694201,-0.263761227,-0.63873032,-0.562257933,-0.552804949,-0.647317336,-0.728270191,-0.642906661,-0.800936377,-0.877312753,-0.927805852,-0.860806598
2,-1.110683179,-0.831682869,-0.334112511,0.2715516,0.78309886,0.951773384,0.821645264,0.346723064,-0.324311412,-1.162305772,-1.011055308,-0.80930078,-0.376177827,0.266560727,0.792143356,1.004485186,0.812365901,0.30016875,-0.219724615,-0.660691928
3,-0.878558997,-1.045846801,-0.938137398,-0.506483375,0.167471287,0.666182883,0.967048409,0.908846306,0.526700365,0.004892796,-0.745246338,-0.948712481,-1.283682931,-0.549290584,0.051585847,0.64408599,0.930384255,0.924886597,0.513662079,0.054933889
2,-1.007946805,-0.840233011,0.090055772,0.314313863,0.715215182,1.028305449,0.843923655,0.397093581,-0.303184104,-1.29189824,-0.963202721,-0.802269176,-0.546470335,0.247903923,0.785365071,1.059027309,0.825624008,0.387012739,-0.367385803,-0.796067385
1,-0.416453295,0.242973509,0.883558515,1.002373341,0.848882222,0.405196588,-0.233500205,-0.760966672,-1.032971967,-0.689835886,-0.29424046,0.175572909,0.639580478,1.005897614,0.871410302,0.379298085,-0.241043396,-0.694382827,-0.978279627,-0.902993533
5,0.101164247,0.094209095,0.098354154,0.153630143,0.208882966,0.22708374,0.312668747,0.27564972,0.316467262,0.466573365,0.501062315,0.53484871,0.61523384,0.647721444,0.682596745,0.748865815,0.805380215,0.895485517,0.968610595,0.945627731
2,-1.004781737,-0.792577651,-0.315472906,0.313802869,0.805780542,0.948132469,0.766920144,0.332360265,-0.237371517,-0.761180958,-1.038267788,-0.824621779,-0.279140074,0.399578067,0.78152515,1.053892517,0.808923961,0.351099603,-0.344394846,-0.749952471
1,-0.3585506,0.40270149,0.778741177,1.029286027,0.920957431,0.178144938,-0.244390691,-0.754701801,-1.003909655,-0.863596769,-0.392391529,0.279755382,0.774881882,0.997763887,1.020750635,0.377831611,-0.240873176,-0.762299466,-1.010496184,-0.8721762
3,-0.720156722,-0.978046262,-0.917244883,-0.522007072,0.056370397,0.643976929,0.957501064,0.919258062,0.529456178,-0.102676611,-0.643781693,-0.970565065,-0.921473911,-0.543618791,0.052556152,0.655963183,0.969682304,0.992420505,0.5115978,-0.069126754
1,-0.366425302,0.216175961,0.743196637,0.986915114,0.937557633,0.365317017,-0.231011974,-0.826801366,-1.076042013,-0.600522317,-0.333732912,0.279995142,0.770873643,0.923493187,0.821087974,0.449565043,-0.259736012,-0.839797327,-1.060137589,-0.855375703
1,-0.298882881,0.212218609,0.70325426,1.007637309,0.839868333,0.374595422,-0.248807212,-0.816939765,-1.028609853,-0.871683529,-0.368906316,0.304883396,0.74168579,0.986484745,0.848708757,0.507023443,-0.210056316,-0.700971431,-1.062306286,-0.877851858
2,-0.985476998,-0.78837943,-0.327479714,0.311615578,1.008932564,1.00025825,0.817928311,0.381420801,-0.30894142,-0.899704271,-1.039504718,-0.836889348,-0.337788184,0.525432501,1.055743659,1.012066075,0.818481561,0.452778822,-0.136472243,-0.73132341
6,-0.002064853,-0.172409788,-0.129672533,-0.088664234,-0.027463969,-0.271753544,-0.296450066,-0.348317832,-0.485734171,-0.412049463,-0.520363682,-0.529258224,-0.609831284,-0.62108364,-0.557046774,-0.745067315,-0.789187106,-0.804974553,-0.93593001,-0.946509087
4,0.353245437,-0.264140778,-0.760242873,-1.051433828,-0.830794821,-0.365208398,0.326843386,0.831720861,0.977368915,0.789800663,0.363170481,-0.223287642,-0.740333409,-1.071389794,-0.878944025,-0.360013194,0.285949626,0.821408088,0.986360189,0.86750458
2,-1.101830851,-0.794293138,-0.3525771,0.194232794,0.828482541,1.004256384,0.842577853,0.295970115,-0.31715134,-0.796179888,-1.025873646,-0.794397907,-0.263549299,0.295937427,0.986637207,1.051547256,0.828063741,0.331750031,-0.301423668,-0.805599359
1,-0.405242142,0.246726857,0.759657078,1.000267788,0.79886653,0.413643286,-0.239315525,-0.761001819,-1.084082174,-0.969424059,-0.23572536,0.236155866,0.850909481,1.009179359,0.847387199,0.380883304,-0.196588587,-0.795476788,-1.097769761,-0.879112236
6,0.006443024,-0.018755979,-0.085558323,-0.139652036,-0.400012,-0.25010287,-0.31489804,-0.311717054,-0.415193857,-0.465268841,-0.456121841,-0.564800681,-0.721028722,-0.647016203,-0.691382394,-0.794657644,-0.804978647,-0.853799126,-0.897724278,-0.937991594
2,-1.021169623,-0.82173779,-0.316929953,0.283910527,0.763574885,1.016236307,0.808775252,0.314448324,-0.259522971,-0.812251088,-1.002965538,-0.851556058,-0.350357752,0.263713708,0.805641246,1.0343703,0.812103669,0.354762776,-0.435269728,-0.740508257
5,0.000373931,0.010874416,0.094341895,0.139735972,0.218695577,0.232881538,0.252184898,0.333852004,0.400294893,0.525554063,0.367959437,0.548881778,0.580757911,0.611144382,0.695535122,0.751406322,0.762502218,0.841618113,0.881483691,0.958832266
6,0.026710093,-0.05583461,-0.096532896,-0.14080207,-0.083510695,0.122804669,-0.312788552,-0.413809121,-0.216176431,-0.491819001,-0.491939336,-0.629500398,-0.790562042,-0.476001295,-0.514318414,-0.745610081,-0.766974646,-1.006802724,-1.028628465,-0.948080215
3,-0.63665334,-0.958492708,-0.953907588,-0.533567663,0.086947409,0.660555266,1.001063791,0.933256543,0.578529598,-0.113992285,-0.766503628,-0.999489141,-0.8741129,-0.532577341,0.055403068,0.644203957,0.982009994,0.941501295,0.524764617,-0.077593043
1,-0.378952669,0.220478792,0.78739911,0.984688572,0.833149918,0.358198371,-0.205142502,-0.772113347,-1.032276068,-0.829467981,-0.333604672,0.228593963,0.779961636,1.008631825,0.828618244,0.363309261,-0.335850999,-0.73842848,-0.983037085,-0.858217614
5,-0.064723796,0.048848723,0.11083427,0.16166654,0.2123635,0.255001373,0.290458616,0.349830668,0.498031966,0.473515614,0.508178902,0.512952138,0.609438826,0.652949777,0.69418384,0.685097146,0.819593946,0.855885803,0.902647644,0.913767056
1,-0.424011627,0.180976238,0.774591798,1.021879038,0.806762296,0.415951157,-0.320766501,-0.724465001,-0.952116542,-0.897221548,-0.392600949,0.261511844,0.684598258,0.991011015,0.805575423,0.414993631,-0.247516592,-0.769932853,-0.991926602,-0.838073205
4,0.352771013,-0.595141427,-0.798135157,-1.031466441,-0.792019208,-0.234967732,0.284512478,0.78153966,0.998593109,0.912835976,0.393056267,-0.250391433,-0.81338667,-0.993478425,-1.138677632,-0.361763299,0.449706119,0.779975076,0.998273576,0.878850589
5,0.013211303,0.062459149,0.114874508,0.177834355,0.217001054,0.229088072,0.183331421,0.324422231,0.437997925,0.497508247,0.662771963,0.558478443,0.539864112,0.838383645,0.691569071,0.759996918,0.801912702,0.784413784,0.914275464,0.961601811
2,-1.028789628,-0.830237724,-0.320027768,0.298900276,0.79579393,1.006734804,0.813827619,0.335188384,-0.284891795,-0.796266806,-0.994062642,-0.831032588,-0.331273324,0.292577496,0.821472539,1.00997808,0.819031859,0.345178414,-0.286153249,-0.807604181
1,-0.386936329,0.224368688,0.671719728,0.958432893,0.834328003,0.393631277,-0.274244948,-0.799675032,-1.017838465,-0.894520597,-0.379541498,0.252200424,0.76377383,1.002746992,0.844213839,0.386531233,-0.248544323,-0.743565322,-0.967138603,-0.85442407
2,-0.99466823,-0.872851922,-0.384129911,0.34190945,0.786614359,1.021315317,0.826761037,0.388220734,-0.253145097,-0.782805044,-0.890728296,-0.861523945,-0.278581917,0.235296157,0.810087036,1.005828124,0.808234863,0.305603739,-0.286067558,-0.713803956
3,-0.636169284,-0.946868568,-0.80971107,-0.535504754,-0.36296868,0.659961626,0.97681417,0.930265654,0.45852141,-0.293490609,-0.578828628,-0.97575978,-0.906569656,-0.485078976,0.069844112,0.596402403,0.979192991,0.922241778,0.419608199,-0.198230038
5,-0.003077081,0.03292937,0.07856487,0.158864114,0.141308522,0.277957318,0.240409239,0.368050983,0.432440119,0.446055023,0.456803316,0.568363667,0.569441682,0.648923417,0.715133368,0.726912377,0.80783943,0.847074481,0.93899259,0.905928682
3,-0.659444603,-0.964302744,-0.915570139,-0.560462148,0.085059259,0.660649769,1.005862032,0.946713016,0.506272291,-0.054915858,-0.670879095,-0.956444378,-0.930307119,-0.549236643,0.080756593,0.625668088,0.977526601,0.882431346,0.525526352,-0.067067554
6,0.069884353,-0.012335795,-0.156769834,-0.172284143,-0.209659506,-0.533666785,-0.301326722,-0.246633636,-0.091155314,-0.461429843,-0.497307585,-0.547763228,-0.5952549,-0.661257909,-0.692904769,-0.736492624,-0.595809506,-0.862749234,-0.906104642,-0.956465237
3,-0.649699484,-0.962461011,-1.115528576,-0.511780532,0.127686455,0.634064719,0.972482936,0.92947082,0.5176072,-0.149543222,-0.530677754,-0.949319882,-0.845025415,-0.528070567,-0.049482776,0.624969393,0.993406973,0.927294528,0.516243956,-0.019592651
3,-0.64399034,-0.932594718,-0.921999175,-0.500050085,0.011304632,0.624465377,0.972187413,0.915987394,0.51793181,-0.077307755,-0.680691034,-0.834491396,-0.903244979,-0.465502835,0.201303649,0.56010876,0.953853172,0.811823317,0.430467541,-0.085900104
2,-1.0092907,-0.795238144,-0.315189794,0.306553826,0.821601584,1.007403937,0.826322597,0.309517029,-0.268764808,-0.766751715,-1.292164154,-0.881365677,-0.40576552,0.312516734,0.781289736,0.990732112,0.840776059,0.317197432,-0.306829072,-0.618851278
3,-0.646253647,-0.963751563,-0.953286939,-0.531497094,0.08335695,0.645609078,0.982127066,0.926176217,0.491081472,-0.087992203,-0.676219515,-0.967317181,-0.932257007,-0.53646089,0.07665881,0.641463252,0.974606134,0.936808376,0.526716035,-0.089279521
2,-0.952270021,-0.798303907,-0.400487171,0.298589044,0.801258689,1.017857629,0.780297097,0.267630115,-0.239596966,-0.67755799,-0.872968317,-0.746510251,-0.358615531,0.470437743,0.822596502,1.105180674,0.780586499,1.371154148,-0.346193627,-0.825001711
2,-0.998297123,-0.877350481,-0.320352214,0.301066185,0.802204042,1.224860163,0.845316219,0.328467371,-0.263262689,-0.874932988,-0.893926422,-0.814236888,-0.154971178,0.330344171,0.788474149,1.001363722,0.834140052,0.399810411,-0.297281777,-0.826200252
2,-0.921047114,-0.790966764,-0.61039412,0.303923266,0.775938475,1.055863994,0.824393682,0.262079453,-0.290123084,-0.767669999,-0.833448684,-0.79790764,-0.394611376,0.265821834,0.877049395,1.026072514,0.826459496,0.399753467,-0.293875321,-0.89616773
1,-0.359563053,0.222519703,0.768555307,0.993022878,0.894256395,0.296214579,-0.228559392,-0.793110146,-0.994668244,-0.853400807,-0.385324106,0.235398884,0.741808516,0.971067187,0.856995839,0.375449017,-0.263119961,-0.760998708,-0.998030569,-0.854470854
5,0.072175,-0.040339681,0.057129451,0.154253896,0.162215502,0.241122652,0.32344278,0.409945943,0.417996354,0.579223969,0.527877738,0.487424438,0.567883434,0.630461035,0.594497344,0.75325884,0.825665587,0.912638733,0.8933582,0.950882612
6,-0.026121281,-0.035205997,0.149984223,-0.156468627,-0.276903553,-0.167542309,-0.325871662,-0.373904236,-0.423185656,-0.543479142,-0.721993776,-0.548521927,-0.579271821,-0.661025103,-0.570596468,-0.92607706,-0.790565589,-0.884710598,-0.871138695,-0.883306001
5,-0.017994137,0.071577148,0.065390059,0.149343586,0.032793525,0.239989351,0.306710846,0.290723147,0.431468682,0.424362761,0.479888587,0.572604404,0.594060381,0.545541566,0.728817406,0.748811781,0.878764256,1.0082571,0.93893791,0.932857669
3,-0.676363609,-0.937344999,-0.958505521,-0.504474051,0.026598639,0.724652965,0.961823062,0.980591974,0.510199673,-0.084077249,-0.703355009,-0.983067398,-0.957531834,-0.544974088,0.061886579,0.653229406,0.977422255,0.905274924,0.529927851,-0.099611424
3,-0.667610627,-1.02600752,-1.294632391,-0.534515044,0.237720049,0.632629942,1.0626373,0.902525299,0.510301046,-0.068983028,-0.6424765,-0.98075807,-0.944204391,-0.587861205,0.079780862,0.653279636,0.98491699,0.941489519,0.455441043,-0.28955235
2,-0.907208003,-0.818989052,-0.227338327,0.33109136,0.796031783,0.964815681,0.879771434,0.334900371,-0.279953592,-0.735700099,-1.068781257,-0.819850182,-0.634256058,0.270420347,0.855816627,0.997455627,0.822901488,0.331849461,-0.27520448,-0.786218329
6,0.047471843,-0.0541288,-0.089795894,-0.177992161,-0.186963499,-0.256343542,-0.291712337,-0.308083545,-0.350494871,-0.450945886,-0.491135731,-0.560654224,-0.609129579,-0.778009075,-0.715950674,-0.798496824,-0.7385955,-1.03700781,-0.936953745,-0.95519566
3,-0.713531226,-1.007395312,-0.424445673,-0.516233781,0.100163753,0.662879578,0.980628454,0.961739107,0.514493254,-0.088389143,-0.661206266,-0.763918105,-0.993943121,-0.527172109,0.155315464,0.525832712,1.004169219,0.972342273,0.502941639,-0.056638284
4,0.918776228,-0.26234526,-0.830735048,-0.991403078,-0.799566736,-0.205553043,0.251801625,0.865512663,1.098853524,0.802702806,0.128379166,-0.002507964,-0.688059844,-1.047196591,-0.693129017,-0.3597834,0.204170339,0.682060758,1.008417359,0.59944612
6,0.004383486,-0.088660121,-0.106899799,-0.144880932,-0.193086232,-0.229761212,-0.3111875,-0.351709439,-0.380432247,-0.565922396,-0.493073576,-0.553294859,-0.601665389,-0.612144408,-0.741048617,-0.781075259,-0.80703297,-0.835899925,-0.920127716,-0.948576328
1,-0.318823962,0.251136703,0.970327358,1.014981089,0.834442626,0.370910779,-0.244345682,-0.715571703,-0.817603581,-1.648360355,-0.173752837,0.352583673,1.212557905,1.02884538,1.119578794,0.74804378,0.198908854,-0.785199017,-1.056027837,-0.668741723
4,0.36566806,-0.178746333,-0.761991384,-0.997043742,-0.840662681,-0.327286893,0.26446904,0.580693974,1.02168174,1.145776247,-0.130796075,-0.262375089,-0.79300106,-0.987509742,-0.777920698,-0.236654285,0.203551163,0.791123184,0.952162468,0.928093443
5,-0.02771064,-0.027362809,0.121221948,0.158327462,0.178305536,0.193934332,0.312397778,0.288667637,0.411775967,0.442738304,0.586683622,0.524753519,0.699796111,0.656501036,0.723363676,0.753003498,0.797513036,0.857759989,0.871927128,0.947184206
6,0.032945689,0.038975885,-0.29660574,-0.154211047,-0.2117317,-0.353531749,-0.294291187,-0.379869296,-0.378705906,-0.339768446,-0.510286331,-0.621039733,-0.614151817,-0.604523536,-0.830368171,-0.751188663,-0.777665669,-0.878624211,-0.931340316,-0.882697222
5,0.003808822,0.008834701,0.082252774,0.140839032,0.193046431,0.281078136,0.295740578,0.345824551,0.446403659,0.506457685,0.470667288,0.55469785,0.579559128,0.644669247,0.69055105,0.754106319,0.768595136,0.84655367,0.889745985,0.982619831
5,-0.000195405,0.052015166,0.192999035,0.088964226,0.482461082,0.256440117,0.343454533,0.357410299,0.426486263,0.53317133,0.547061738,0.411008948,0.540180057,0.589880382,0.706258349,0.744632362,0.766408143,0.857913874,0.785957696,0.984463179
6,-0.111683031,-0.108719083,-0.100544124,-0.126413153,-0.235973464,-0.256482071,-0.307157995,-0.372790071,-0.362288306,-0.435083118,-0.50043967,-0.605763545,-0.602688214,-0.801922346,-0.755781145,-0.765703942,-0.790126855,-0.88649152,-0.723212503,-0.92551687
1,-0.389755531,0.238388856,0.674688797,1.011238405,0.808617938,0.362100588,-0.274789762,-0.745917017,-1.037254644,-0.871757475,-0.461742142,0.229490143,0.763980706,1.007130157,0.847318989,0.488569681,-0.19738058,-0.819341179,-0.980190325,-0.893227936
4,0.46533619,-0.24732663,-0.826162976,-0.957238516,-0.874057855,-0.381631454,0.214500104,0.779372725,1.031545499,0.838672245,0.368889065,-0.263303256,-0.759165064,-0.979113737,-0.821750045,-0.349372588,0.162501042,0.874173186,0.996618506,0.820780188
3,-0.565102198,-0.803408224,-0.784308656,-0.588549372,0.06961833,0.644563329,1.029235256,0.910481693,0.711864355,0.002822391,-0.732867348,-0.894994519,-0.963354243,-0.424071349,0.101720576,0.557665769,0.995220625,1.023084992,0.53963209,-0.155984443
1,-0.309044784,0.217195505,0.790796724,0.98159586,0.840947816,0.486852591,-0.243703398,-0.758520247,-1.0163446,-0.966472032,-0.359071433,0.238832941,0.728633022,0.979919692,0.90777702,0.389395084,-0.266857913,-0.740256933,-1.031874972,-0.746337287
1,-0.448491755,0.294988148,0.916902071,0.999557011,0.852286977,0.354235158,-0.266265111,-0.805232176,-0.985555961,-0.868234393,-0.342755209,0.254302761,0.660330569,0.999508568,0.803303063,0.366688597,-0.234833087,-0.811111357,-1.014690916,-0.664272584
4,0.372045361,-0.201897389,-0.798576,-0.994871994,-0.830641349,-0.360550233,0.248058903,0.751207981,0.989513748,0.823279201,0.309313106,-0.286713745,-0.745121164,-0.97837824,-0.847211213,-0.365086437,0.270996034,0.833719517,1.019190219,0.810426023
4,0.349000636,-0.302634427,-0.707536367,-0.98581663,-0.851059039,-0.368324179,0.255440381,0.792661199,0.991111411,0.836826388,0.491985016,-0.286849642,-0.789650919,-1.000484024,-0.827029589,-0.384404017,0.276442559,0.667692995,1.001095048,0.838321561
6,-0.001847001,-0.036818613,-0.118849348,-0.156701532,-0.167706481,-0.242074082,-0.275712084,-0.323550606,-0.380443678,0.070717259,-0.537275881,-0.565201108,-0.647166734,-0.644994565,-0.711824975,-0.75660082,-0.795339067,-0.851327322,-0.886762681,-0.933473273
6,-0.0376798,-0.089638981,-0.065297939,-0.157767391,-0.289765235,-0.25651705,-0.321665497,-0.352035274,-0.417795421,-0.528862234,-0.434868471,-0.535782546,-0.741302348,-0.651216686,-0.779985962,-0.734044969,-0.828257311,-0.827037233,-0.878528842,-0.95248843
3,-0.65500451,-1.000224029,-0.996778416,-0.500903155,0.116056649,0.677209555,0.965131256,0.936384234,0.48103075,-0.036693131,-0.678159493,-0.974990122,-0.958001296,-0.507819373,0.081086025,0.670301437,0.989558297,0.927288356,0.575806007,-0.080832814
6,0.011467441,-0.04335266,-0.183594152,-0.145545754,-0.179209318,-0.238517531,-0.312181134,-0.346458082,-0.397020023,-0.46028684,-0.455614585,-0.567502779,-0.579533174,-0.640532659,-0.6967029,-0.708920578,-0.700782871,-0.866199357,-0.911964588,-0.980235056
4,0.314225221,-0.252681965,-0.819062951,-1.07984187,-0.855345299,-0.251511923,0.209673935,0.795426833,0.995401157,0.791400461,0.454879469,-0.180792897,-0.629858546,-0.974996652,-0.835532682,-0.312694933,0.232416637,0.740339214,1.050776454,0.716809868
6,0.079181201,-0.102942459,-0.224800885,-0.273858767,-0.251901347,-0.20006088,-0.448506439,-0.312070207,-0.425209855,-0.45700736,-0.443208178,-0.569345374,-0.518861378,-0.727115396,-0.68204077,-0.714329604,-0.772796624,-1.104811897,-0.956866078,-1.000046889
4,0.353151705,-0.270143936,-0.775582477,-1.015875422,-0.891485564,-0.353836839,0.239562842,0.763026203,0.989080137,0.847168921,0.214421103,-0.242030074,-0.753011494,-1.02521872,-0.758056314,-0.385652059,0.243062554,0.786189298,1.007570917,0.846900238
5,0.068810287,0.0221982,0.086254212,0.152499467,0.256421208,0.291173312,0.295324135,0.138304969,0.347742213,0.547948016,0.490234589,0.459935834,0.693786385,0.507709743,0.663832072,0.761574747,0.810130671,0.86491041,0.941504791,1.09217379
4,0.26366291,-0.277190934,-0.861725907,-1.0474342,-0.914166296,-0.415742404,0.330378234,0.782328414,1.044954625,0.89843031,0.355766838,-0.267732382,-0.778455074,-1.034835534,-0.814561018,-0.534305737,0.260172544,0.72246031,1.098987789,0.80923697
6,0.021726415,0.012284689,-0.343396351,-0.064842615,0.016202705,-0.155950168,-0.073068933,-0.353769787,-0.238415705,-0.398406245,-0.655434199,-0.564464602,-0.597066859,-0.774621271,-0.653043005,-0.774881912,-0.631440515,-0.741355709,-0.868984571,-0.849782537
5,-0.040010556,0.036766118,0.200851164,0.191078403,0.237281659,0.230464929,0.291128854,0.349931286,0.395975984,0.32839925,0.488986754,0.556426346,0.545464687,0.667857599,0.655506465,0.753427625,0.815701906,0.91756718,0.900119709,0.956583282
6,0.005509626,0.175965352,0.003615796,-0.174647114,-0.190842116,-0.347977926,-0.310639087,-0.426415313,-0.484083333,-0.595564782,-0.331650347,-0.45218031,-0.605914366,-0.716120224,-0.634948037,-0.759057397,-0.797317307,-0.799870699,-0.903604265,-1.074855739
5,0.124863083,0.052839076,-0.259329538,0.177816447,0.248613414,0.386837132,0.181903796,0.317565312,0.371339796,0.612596022,0.427608564,0.370861619,0.496243781,0.581775869,0.712251831,0.75694818,0.765317508,0.948330255,0.845651091,0.960623364
1,-0.374312786,0.254827413,0.726201014,0.99750992,0.869411525,0.412230683,-0.232441581,-0.772478587,-0.982314215,-0.860366156,-0.204501893,0.234989464,0.715211067,1.009905633,0.85247536,0.351933454,-0.231821944,-0.785122659,-0.977278532,-0.770253398
4,0.409249005,-0.213742114,-0.781629652,-0.981897355,-0.874230438,-0.359623823,0.258593169,0.770885301,0.984348579,0.984693889,0.491937715,-0.264957066,-0.4269583,-1.00921811,-0.953611563,-0.377162493,0.254942645,0.775616411,1.002070087,0.64622693
1,-0.26571609,0.218349444,0.833535581,1.020014402,0.83350845,0.397436437,-0.228056631,-0.76721435,-0.963080889,-0.890892693,-0.373122822,0.241076564,0.735531397,0.784207866,0.76959925,0.331877071,-0.261438141,-0.774056676,-1.156370696,-0.845836257
5,-0.02607548,0.049303177,0.114863047,0.163807148,0.203154666,0.227887247,0.298221993,0.36873978,0.394440961,0.70015009,0.410057725,0.526997896,0.608798197,0.647811682,0.678657695,0.74207869,0.808586103,0.840239581,0.904433168,0.915951963
3,-0.646700849,-0.965775998,-1.071797323,-0.500117293,0.106572267,0.673391751,0.968141949,0.908429727,0.529428586,-0.086917761,-0.710246821,-0.963978252,-0.850062278,-0.53300246,0.082031897,0.682717295,0.973474207,0.91111234,0.491545763,-0.554462527
5,0.030893108,0.189978689,0.104819291,0.315928981,0.25795694,0.056890881,0.311385704,0.601641643,0.374516838,0.64707172,0.494973975,1.03908231,1.16219796,0.692833016,0.725201373,0.967160981,0.69468105,0.779752039,1.001076247,0.895085979
4,0.411760033,-0.340232692,-0.786827936,-0.994759466,-0.85721421,-0.352443643,0.247676591,0.787145743,0.978898855,0.812518654,0.380116216,-0.280941639,-0.782737804,-0.950331484,-0.834098456,-0.318231883,0.244821769,0.724659215,0.940615956,0.847822442
1,-0.393112894,0.208968028,0.784044872,0.978109435,0.86540558,0.425714085,-0.234459435,-0.820458014,-1.044133181,-0.866119277,-0.38329745,0.170513001,0.770595129,1.091877238,0.851537931,0.376977239,-0.212154759,-0.89270607,-0.986540576,-0.85951037
3,-0.657648903,-0.885654125,-0.859197913,-0.531503853,0.029969232,0.619340975,0.97056201,1.088598698,0.548115096,0.034991657,-0.676737746,-0.957293631,-0.906639697,-0.559275569,0.232918101,0.652893213,0.96345599,0.927861581,0.411581294,-0.075730629
6,-0.00099137,-0.056729531,-0.154039137,-0.1550047,-0.180152279,-0.224811015,-0.283283122,-0.34249207,-0.383375059,-0.324679941,-0.547425907,-0.547280574,-0.572682882,-0.684571364,-0.635557374,-0.741761424,-0.800972534,-0.799400334,-0.935672054,-0.911756095
5,0.224002756,-0.033242981,0.089281374,0.138261281,0.205511859,0.263739708,0.262757759,0.37841701,0.367624691,0.437208786,0.506728904,0.425360353,0.607276485,0.620663667,0.682505221,0.727414135,0.806579202,0.895341909,0.91473677,0.940761817
5,0.051919846,0.049712389,0.897459541,0.216909451,0.130842117,0.431454146,0.34875331,0.399414599,0.523234412,0.441951504,0.297157325,0.337456469,0.537878882,0.549289387,0.484820255,0.848694662,0.754345401,0.870655581,0.716656542,0.924745823
5,-0.075345515,0.01848757,0.027421853,0.158443071,0.135974971,0.275742135,0.258964578,0.294150235,0.408221253,0.445538681,0.485821279,0.53624272,0.623614573,0.656359173,0.714865547,0.754164283,0.799140862,0.883241921,0.928817364,0.908040255
2,-1.067276398,-0.771787459,-0.32665168,0.309069709,0.677560738,1.01545435,0.821585359,0.337207281,-0.202533101,-0.671075103,-0.984773581,-0.816260868,-0.28933636,0.324046016,0.776427224,0.998333992,0.830842514,0.336323543,-0.265662747,-0.896913381
1,-0.526121767,0.257962819,0.766497813,0.985361626,0.800941474,0.385569819,-0.236143831,-0.730611459,-1.016148818,-0.735392525,-0.366862487,0.236865874,0.485836648,0.957252816,0.783279011,0.376144093,-0.23015144,-0.778473455,-0.943686009,-1.191169192
1,-0.390141068,0.24781484,0.806606169,0.992409761,0.847275573,0.293532894,-0.318168725,-0.722878894,-1.109910851,-0.938568841,-0.242843592,0.238974529,0.881217063,1.031893061,0.716767643,0.347532746,-0.176041094,-0.725321344,-0.993186466,-0.862197899
1,-0.566589652,0.403988824,0.790553684,0.884525884,0.912613708,0.207328242,-0.210057843,-0.811208679,-0.970002877,-1.002201868,-0.327759573,0.314457674,0.600188281,0.99934462,0.835853444,0.275831644,-0.099335102,-0.763106835,-1.019183805,-0.72810484
3,-0.667457702,-0.931096235,-0.921960434,-0.502479089,0.068179024,0.665687351,0.960703183,0.981687679,0.553817837,-0.084534183,-0.655271756,-0.959980024,-0.926422174,-0.512389499,0.072915529,0.687164966,0.972383923,0.898852804,0.542872082,-0.172002499
4,0.330284737,-0.273500563,-1.005958281,-0.995018453,-0.807562463,-0.378363607,0.255059493,0.761748924,0.979945159,0.779285579,0.390356264,-0.26056207,-0.799917098,-0.991395449,-0.816146996,-0.369584219,0.261484107,0.801455371,0.998373926,0.684500994
4,0.380184538,-0.300225721,-0.436808084,-0.992618621,-0.77487885,-0.427592071,0.299281686,0.750754167,1.051114723,0.829981573,0.398781477,-0.297149572,-0.802357113,-0.990929903,-0.877141134,-0.350797843,0.261912265,0.741427194,0.931296515,0.818769786
2,-0.996951445,-0.796272901,-0.371320186,0.439111708,0.818389149,1.099244283,0.601824256,0.332399542,-0.273788054,-0.812217105,-0.944047331,-0.811043442,-0.330952738,0.300054579,0.836766162,1.016225861,0.776477613,0.397100208,-0.12723241,-0.774828677
6,0.01169131,-0.147069209,-0.151250779,-0.150841998,-0.23843359,-0.242829203,-0.29286322,-0.391457032,-0.42288489,-0.419240315,-0.486607442,-0.593885175,-0.55218984,-0.67863362,-0.674560551,-0.733947989,-0.797605828,-0.821177967,-0.86956293,-0.969036309
6,-0.001592035,-0.047633553,-0.250181886,-0.163195742,-0.467243439,-0.207411539,-0.338864508,-0.35743605,-0.460678643,-0.526358539,-0.565341325,-0.530461562,-0.631113132,-0.647744589,-0.691796903,-0.643729889,-0.8,-0.848347754,-0.927960739,-0.942524577
5,0.088609474,0.076305041,0.029399274,0.139230344,0.172087436,0.309951144,0.181349759,0.394096991,0.432193678,0.473656867,0.48635095,0.551080935,0.612328489,0.643542914,0.7118051,0.783127546,0.816313502,0.82142754,0.894776704,0.970629438
2,-1.001867419,-0.825569359,-0.504699629,0.253434131,0.770616354,0.989154327,0.791988835,0.328086255,-0.328084201,-0.824208627,-1.03018449,-0.908530243,-0.355244324,0.346961953,0.870859648,0.9872185,0.810380496,0.362996912,-0.348068499,-0.744356451
4,0.299110827,-0.22916245,-0.783528298,-0.99022573,-0.871955332,-0.35276063,0.201011718,0.733398579,0.996716893,0.91675568,0.356938386,-0.287494509,-0.774437684,-0.978710378,-0.839933093,-0.355750132,0.259207592,0.79277547,0.970035526,0.964881769
5,-0.006086134,0.041593201,0.165909304,0.055124599,0.242215913,0.24907409,0.266768755,0.311279869,0.416911421,0.419892953,0.411344712,0.543270305,0.610493066,0.61642652,0.69663519,0.774483951,0.802028611,0.875703735,0.895594979,0.957718406
3,-0.605243165,-0.98162474,-0.896969475,-0.47882276,0.041797759,0.645168496,0.971351506,0.923570024,0.535084342,-0.025906788,-0.67350926,-1.045615445,-1.090147988,-0.549867115,0.029406162,0.643196121,0.984127618,0.951319556,0.518771848,-0.015981154
3,-0.69242554,-0.965477032,-0.929096586,-0.529913891,0.23135849,0.696400721,0.9658563,0.925391654,0.54018909,-0.085304951,-0.48578236,-0.980491205,-1.00991819,-0.522932965,0.12262372,0.619111023,0.983180752,0.95906438,0.547228453,0.116973159
4,0.356524548,-0.255449099,-0.770759292,-0.939719406,-0.75301801,-0.37856762,0.316790868,0.714661909,0.97116267,0.87507791,0.296238124,-0.234642807,-0.837744174,-0.735846458,-0.830683956,-0.488131128,0.291947438,0.663421909,0.960703713,0.819902496
3,-0.680752346,-0.911508115,-1.531232985,-0.532877246,0.104571804,0.6684745,0.939323996,0.909020593,0.515445366,0.153141661,-0.515550161,-0.984150412,-1.053804571,-0.519342358,0.095772117,0.662246415,1.025381563,0.915424208,0.556234554,-0.465994113
2,-0.961842227,-0.808434148,-0.280909076,0.288648312,0.758721055,0.995362542,0.810878187,0.348069947,-0.292270723,-0.72696556,-0.926761608,-0.835744473,-0.268329682,0.302238502,0.881397578,1.033780982,0.835922561,0.258552427,-0.288680004,-0.897751343
3,-0.696704575,-0.964616529,-0.943185256,-0.52547995,0.103933715,0.648387468,0.992369368,0.917858397,0.515770741,-0.095630161,-0.661779551,-0.97116545,-0.924655291,-0.532708333,0.079559447,0.644971629,0.980599668,0.959439367,0.529633356,-0.126169808
3,-0.671037755,-0.974747035,-0.875047701,-0.506350694,0.074666776,0.595141466,0.914259157,0.962227311,0.42289322,-0.0758146,-0.64833078,-0.99361429,-0.930003436,-0.483320715,0.077078471,0.648334781,1.043587083,0.926863167,0.520822797,-0.073702126
4,0.315067794,-0.299905536,-0.808324899,-1.00998873,-0.842027506,-0.412501223,0.184389542,0.740909456,0.975267708,0.77115093,0.29595338,-0.264223169,-0.760364011,-1.012511029,-0.821066606,-0.347529703,0.276735319,0.795532755,1.017494675,0.709081197
5,0.013356993,0.032731324,0.468400805,0.180504757,0.203025694,0.257650615,0.269729086,0.421808832,0.423219908,0.483148957,0.508829562,0.545495324,0.619252258,0.713820204,0.695515638,0.791356833,0.79780633,0.764166739,0.92580943,0.939101832
4,0.408916449,-0.298972812,-0.792605117,-1.004292362,-0.838077279,-0.381897672,0.261658691,0.751434621,1.006519999,0.811626398,0.310453838,-0.242289845,-0.777075238,-0.996129788,-0.840760351,-0.416183716,0.250495344,0.776771825,0.998886408,0.747815764
4,0.434804572,-0.263591413,-0.828242522,-1.007528294,-0.874539379,-0.397399004,0.253460434,0.785068822,0.997053652,0.848916761,0.39398889,-0.256105116,-0.7522277,-1.012342009,-0.837861357,-0.361450075,0.279291253,0.789166108,0.98553165,0.789091712
4,0.33195763,-0.36787413,-0.960293557,-1.019933087,-1.070578515,-0.273907845,0.889184546,0.914782696,0.930738456,0.939026832,0.200751008,-0.326429268,-0.700349275,-1.130528477,-0.834979867,-0.359381247,0.345149063,0.831623414,0.978365777,0.841492933
2,-0.976647512,-0.813621105,-0.383259668,0.333700546,0.80196133,1.003078028,0.846242129,0.352867067,-0.270971377,-0.734537051,-1.031597281,-0.780959325,-0.329831547,0.289155495,0.760877608,0.964808154,0.850444107,0.335200025,-0.255435159,-0.790373519
4,0.361696987,-0.256227561,-0.695590582,-1.039145412,-0.850111939,-0.346279127,0.210272215,0.741778191,1.032226279,1.080250376,0.467257768,-0.260859385,-0.22294147,-1.047034108,-0.835495951,-0.359344847,0.24693162,0.804636412,1.036193371,0.681683996
4,0.492900933,-0.194162065,-0.797362098,-1.030984634,-0.895306768,-0.440263445,0.226864829,0.749326857,0.993325442,0.84926487,0.368019676,-0.276831763,-0.797327295,-0.967971635,-0.877597759,-0.260980668,0.419254811,0.759292551,0.961564542,0.755520652
3,-0.658508381,-0.953110563,-0.972203043,-0.513862751,0.05619269,0.669392164,0.990700971,0.973332879,0.499536452,0.120194709,-0.652176402,-0.983598712,-0.957993271,-0.508991071,0.168313223,0.649325276,0.666252453,0.917300061,0.53495537,-0.078129978
4,0.184948072,-0.294496876,-0.768875028,-1.015579457,-0.863475637,-0.418264381,0.258384209,0.700436013,0.988748538,0.806424675,0.323543251,-0.210803278,-0.719335533,-0.859966826,-0.825660243,-0.269006804,0.314043816,0.852830707,0.975223348,0.852424045
1,-0.389280011,0.32522929,0.714007089,1.071108295,0.867487796,0.395692172,-0.229094072,-0.725353757,-1.015642963,-0.824427876,-0.373081701,0.232698661,1.090216123,1.040459178,0.819045919,0.318676633,-0.236228312,-0.852621271,-0.892758316,-0.837163454
1,-0.374482619,0.223777823,0.691478515,0.974838758,0.854567861,0.399120939,-0.240866028,-0.760790484,-0.982437333,-0.861891524,-0.473014631,0.185802466,0.663661093,1.027534303,0.853137717,0.358184304,-0.222647987,-0.749223939,-1.003380011,-0.81505835
5,0.280225466,0.056564272,0.046801585,0.170931579,0.155095711,0.290458897,0.2990548,0.340455591,0.289330525,0.395318794,0.435798782,0.565317822,0.456270638,0.66210652,0.655305348,0.775671503,0.808193487,0.80442137,0.882100364,0.96265841
3,-0.631521174,-0.984982398,-0.924146617,-0.512553348,0.134611591,0.554645998,0.94505057,1.086443116,0.522708282,-0.118313046,-0.648591169,-0.977639784,-0.933568154,-0.518187036,0.026179002,0.651157561,0.965319701,0.925316016,0.494395098,-0.047047728
3,-0.612524024,-0.994580264,-0.908125397,-0.518221649,0.077723545,0.694684538,0.96534663,0.899643663,0.487872255,-0.073518817,-0.767731006,-0.92612163,-0.881869125,-0.539430295,0.036057825,0.704358139,1.013390905,0.917149249,0.525610153,0.001285104
1,-0.543839032,0.271943316,0.49053117,1.017195436,0.862944291,0.374341702,-0.266910086,-0.768060156,-1.003584653,-0.839698787,-0.299446742,0.168624482,0.989896478,0.9572936,0.899695541,0.384980097,-0.275636648,-0.76200499,-0.996642096,-1.088053732
1,-0.372521526,0.202824185,0.760942333,1.004229367,0.615805984,0.398810235,-0.241295037,-0.755726844,-0.99093847,-0.879268668,-0.383159119,0.223936235,0.761213716,1.018204541,0.8378894,0.435778155,-0.216156549,-0.762900684,-1.004818743,-0.771816235
5,0.001971326,0.223008773,0.112840636,0.237451969,0.188681796,0.29024242,0.315622672,0.331229539,0.436406563,0.453869346,0.638436237,0.538392138,0.572275732,0.607329752,0.690868698,0.842093078,0.797833318,0.780313201,0.881991168,0.943908187
6,-0.01944506,-0.064634522,-0.256542116,-0.158973354,-0.23890386,-0.224398246,-0.362348234,-0.346888464,-0.306125794,-0.525125076,-0.508075722,-0.530802354,-0.567341208,-0.644830943,-0.713664679,-0.754503936,-0.809750149,-0.827044255,-0.896544537,-0.939426425
5,0.030804935,0.101272379,0.088091889,0.132770837,0.555519486,0.273263857,0.423258776,0.346705636,0.41025514,0.462126803,0.642491931,0.541115933,0.606271162,0.619780816,0.676482836,0.70592792,0.847369321,0.846991308,0.897645956,1.291212183
2,-1.004438296,-0.827229261,-0.272180772,0.291107511,0.72026088,1.003650311,0.779434163,0.321562797,-0.288971851,-0.806420728,-1.181998384,-0.809230816,-0.346335543,0.259063155,0.818002241,0.921989586,0.844358733,0.355185935,-0.295821858,-0.825219001
5,0.044908635,0.057013196,0.100328969,0.156856816,0.143235501,0.243409453,0.309540147,0.354115794,0.357037607,0.415813322,0.510004625,0.558011578,0.602505847,0.617264974,0.741783389,0.705113625,0.783354358,0.844715934,0.836851745,0.974739763
5,0.004304936,0.041082184,0.120335479,0.154642351,0.119227513,0.223872251,0.287061833,0.377667652,0.410842154,0.5008703,0.426584366,0.581241871,0.619736883,0.638354503,0.725615681,0.746551869,0.836641557,0.850896827,0.909749781,0.956147504
1,-0.396458613,0.239315043,0.728002876,1.023808223,0.799652012,0.372875744,-0.194629741,-0.824664664,-0.968761464,-0.843905476,-0.526948441,0.262101353,0.771478609,1.041058764,0.853380999,0.382201201,-0.257692248,-0.803933459,-1.000333857,-0.853751786
6,0.004687767,0.114942057,-0.112225445,-0.14962154,-0.204086775,-0.166610109,-0.30555606,-0.451590979,-0.581646222,-0.272722802,-0.623891809,-0.480887297,-0.610937752,-0.665427792,-0.688051716,-0.784208085,-0.611922172,-0.807029547,-0.873267645,-0.938567655
4,0.344914514,-0.26928989,-0.827238818,-0.979026749,-0.481741056,-0.372734169,0.26243995,0.784614154,0.950317459,0.89707262,0.337111791,-0.336411355,-0.766580039,-0.987341066,-0.847047723,-0.355123148,0.245422418,0.794414158,0.971780539,1.291824624
1,-0.361885664,0.204210812,1.016941689,0.988077962,0.850613004,0.385055643,-0.244013633,-0.824107072,-0.980061559,-0.743046617,-0.384806345,0.278393684,0.527422939,0.990209323,0.763967338,0.386183348,-0.237007603,-0.771549524,-1.009815071,-0.849690612
3,-0.649325604,-0.979878093,-0.952812242,-0.514441589,0.073179115,0.644196411,0.971119488,0.898067043,0.515589171,0.293598635,-0.695592826,-1.187571717,-0.717212243,-0.526986586,0.048823242,0.632953172,0.991628297,0.92160206,0.524723979,0.052371994
1,-0.406545596,0.227834813,0.758482297,1.005101852,0.864809826,0.385746683,-0.198188804,-0.74271554,-0.990356973,-0.910510938,-0.388294809,0.213523062,0.767090366,1.020653194,0.851920926,0.369304189,-0.23359004,-0.776328415,-1.006784952,-1.017295862
1,-0.422794332,0.258495884,0.999538251,0.985007896,0.826012559,0.391252738,-0.24707893,-0.767699436,-0.989058564,-1.459328294,-0.224195097,0.240645378,0.896912199,1.008692981,0.857314649,0.176791512,-0.225003721,-0.767887967,-0.992249993,-0.876493603
2,-1.065642326,-0.740188114,-0.418003922,0.232276268,0.841211641,0.990585498,0.873861401,0.378694886,-0.406708292,-0.772339825,-1.038672554,-0.806359173,-0.548233508,0.394922284,0.779606771,1.08239999,0.718771346,0.295449869,-0.148360912,-0.666676248
6,-0.165716824,-0.021490538,-0.076503239,-0.177947806,-0.209369258,-0.224914705,-0.176147192,-0.388672596,-0.245330925,-0.502488882,-0.184500508,-0.636408052,-0.563414539,-0.468392923,-0.639324126,-0.736772799,-0.847032328,-0.428846939,-0.736522561,-0.916364381
2,-0.947807421,-0.837711353,-0.360967068,0.25501454,0.758913437,0.955982909,0.814151974,0.331509841,-0.280970396,-0.821063584,-0.943108056,-0.838074988,-0.126024682,0.323657812,0.707340212,1.020665638,0.840752638,0.337096694,-0.286961894,-0.793819572
5,0.016935476,0.027009982,0.203063485,0.146894034,0.269562591,0.353839395,0.302697495,0.377929738,0.343701947,0.342043421,0.502229193,0.585312021,0.603359285,0.67225114,0.698805509,0.775503217,0.821222712,0.86451499,0.900856692,0.946705067
6,0.139693956,-0.079296096,-0.053969836,-0.126641092,-0.27723685,-0.256644841,-0.308459445,-0.348519396,-0.388409183,-0.620149477,-0.589893981,-0.561072777,-0.599416167,-0.706129088,-0.604133269,-0.764542598,-0.805416981,-0.788731201,-0.878037604,-0.876371817
5,0.070819484,0.204655103,-0.012229348,0.165376899,0.2340313,0.82720032,0.129333703,0.305659725,0.4367684,0.417075381,0.933984327,0.421247953,0.435847308,0.587558612,0.820824987,0.814897795,0.784505826,0.882518536,0.881091896,0.980957236
2,-1.006784969,-0.788905274,-0.03617099,0.289530079,0.886502202,1.198272139,0.801536402,0.30466756,-0.261116752,-1.233137759,-0.801738795,-0.801542332,-0.538707422,0.28723803,0.842572575,0.999351295,0.819543214,0.363280125,-0.266451511,-0.811282186
6,0.033058582,-0.045102417,-0.076678525,-0.223963405,-0.163182765,-0.086342224,-0.120904536,-0.245688568,-0.490653305,-0.394609229,-0.466854007,-0.517831662,-0.641633514,-0.688478935,-0.616890699,-0.785489684,-0.798116326,-0.863622963,-0.903974656,-0.949679641
6,-0.043119262,-0.604308184,0.069067342,-0.128974697,-0.310161496,-0.268433644,-0.297692868,-0.429044187,-0.519452622,-0.518177067,-0.499831928,-0.598940648,-0.614820074,-0.770982201,-0.684144553,-0.901206177,-0.643993259,-0.753394246,-1.130592724,-0.948435259
4,0.382635461,-0.283921942,-0.772049044,-1.005121851,-0.835376722,-0.41537756,0.271089591,0.798494323,1.019376689,0.827417981,0.388394366,-0.227243957,-0.799002068,-0.979344314,-0.835877101,-0.363869773,0.252986776,0.766160758,0.968699971,0.560850105
4,0.386526515,-0.233671263,-0.693736134,-0.927244337,-0.786617772,-0.419019835,0.381644363,0.798572891,0.986556147,0.527606206,0.338142857,-0.334780981,-0.759558162,-1.003942203,-0.915291478,-0.379716124,0.112195752,0.791490336,1.035421636,0.888930716
5,0.102533039,-0.01320973,0.159345376,0.174071563,0.382214849,0.249682101,0.317297977,0.371865816,0.446620336,0.3469638,0.460824093,0.499200576,0.628735479,0.593720067,0.687167128,0.703900737,0.84034352,0.849374845,0.912935136,0.925652572
2,-0.99269834,-0.806092674,-0.40265876,0.268146254,0.804240298,0.97874947,0.823052508,0.32015212,-0.333361277,-0.82734062,-1.12039718,-0.815353638,-0.327422232,0.276302984,0.794978368,0.985161304,0.804948068,0.281416444,-0.349587843,-0.817976023
6,-0.005590532,-0.064532021,-0.11104296,-0.155072714,-0.158179202,-0.268562779,-0.296675185,-0.359101474,-0.440953386,-0.458570697,-0.500380196,-0.550502123,-0.611450973,-0.591737576,-0.810783064,-0.743803444,-0.80367332,-0.949863297,-0.87938058,-0.943768353
1,-0.323506913,0.275260695,0.649627772,1.029772192,0.853010203,0.379136536,-0.213020032,-0.765658049,-1.086231475,-0.951093916,-0.359290192,0.253193628,0.772837509,0.95831107,0.825005373,0.356592077,-0.219134205,-0.769294796,-1.03660853,-0.842490759
1,-0.290868,0.224983613,0.823217959,1.013661412,0.853698973,0.404136024,-0.249674901,-0.775410922,-1.021476698,-0.91642808,-0.323264677,0.178238112,0.69160903,0.985829926,0.824391485,0.323476282,-0.234748328,-0.855711739,-1.000996512,-0.849063844
1,-0.394755768,0.217639317,0.752510951,1.084353704,0.838829179,0.366342433,-0.226630062,-0.689466114,-0.974809369,-0.845453958,-0.298749992,0.271795443,0.826456616,0.99968132,0.856600721,0.410582675,-0.159560453,-0.75869564,-0.998936181,-0.881059131
3,-0.687617894,-0.938561407,-0.826550082,-0.529152377,0.087675215,0.683456862,0.882921791,0.915271486,0.562729248,-0.023711116,-0.607261949,-1.062090077,-0.905860282,-0.307394505,0.191073601,0.535565224,0.904380967,1.0561442,0.455458275,-0.03130333
5,0.084411457,0.099448966,0.077351283,0.140036319,0.170521209,0.228952929,0.329168997,0.401757197,0.215675883,0.445458117,0.587232493,0.473134428,0.609790997,0.613396091,0.704457499,0.744935763,0.79578521,0.79879464,1.108700467,0.957635977
5,0.054469483,0.079017627,0.181645154,0.179102864,0.080236564,0.192661245,0.315788832,0.350764674,0.367749539,0.449808503,0.342552019,0.55,1.023080768,0.6576815,0.716315717,0.767790719,0.781876397,0.848135565,0.893996798,1.418353472
5,0.107728698,0.016655634,0.119414276,0.139930417,0.248253489,0.28386066,0.28060894,0.302012054,0.443542447,0.458414077,0.652525044,0.549159714,0.604762058,0.676008415,0.697182977,0.714578742,0.775314209,0.793913049,0.894901483,0.934023648
6,0.012093599,-0.164360428,-0.396602636,-0.136343686,-0.266499488,-0.101747765,-0.323854456,-0.352258772,-0.399924208,-0.310285619,-0.502810184,-0.596160522,-0.469702944,-0.675755214,-0.738742724,-0.701307957,-0.812151018,-0.893912445,-0.927805386,-0.796740874
2,-1.007567168,-0.761150116,-0.349283439,0.272452876,0.734380453,0.972000148,0.858831308,0.357157273,-0.295393972,-0.957050663,-1.06743681,-0.809736727,-0.320375479,0.306296815,0.784833185,0.990342145,0.97800303,0.387116553,-0.22877513,-0.807627926
2,-1.049222177,-0.813693663,-0.31086983,0.286701459,0.738087334,0.909832843,0.794125437,0.36830252,-0.296854531,-0.829790312,-0.987484359,-0.776135823,-0.335281007,0.228408852,0.806599597,1.036933038,0.82071175,0.316791603,-0.268253587,-0.838009669
3,-0.634128433,-0.959631394,-0.887882708,-0.520286001,0.035932343,0.659565258,1.003790527,0.925280438,0.502182972,0.00587826,-0.612363047,-0.995610606,-0.871699544,-0.659387417,0.11663459,0.773225898,0.963046238,0.84943545,0.540605637,-0.077341811
3,-0.655983805,-1.109763813,-0.93683295,-0.484373298,-0.048793881,0.745873036,0.971283558,0.566969995,0.501437468,-0.24716847,-0.46114942,-0.957636528,-0.94278982,-0.502827032,0.126535467,0.660898292,0.960612104,0.881095016,0.459207587,-0.136979952
3,-0.779776435,-1.002650764,-0.910494651,-0.501947768,0.005421221,0.660436883,0.980638772,0.918854894,0.605658152,-0.078907457,-0.667387276,-0.936523529,-0.7426365,-0.7331046,-0.191884226,0.671219037,1.069160547,0.847697684,0.590310039,0.00192023
2,-0.969941603,-0.829359819,-0.324612041,0.280727514,0.776932717,1.011489982,0.822973291,0.312921404,-0.296767297,-0.777930351,-1.023653622,-0.836281355,-0.310592512,0.287062833,0.794305054,1.018279499,0.833654743,0.301331762,-0.272319469,-0.798091025
5,0.006787444,0.050970049,0.083474837,0.130528532,0.202279077,0.226213665,0.311807418,0.335160984,0.409341466,0.438615115,0.462795904,0.508965531,0.60006792,0.637492256,0.703279731,0.761579475,0.803511202,0.842135504,0.856170429,0.875759816
5,-0.026621793,0.104167613,0.081519231,0.194679224,0.3776695,0.291920395,0.389735062,0.365064375,0.430043816,0.441607567,0.428977818,0.610195613,0.513466347,0.658968134,0.625455739,0.699990948,0.81125286,0.83592638,0.907318675,0.974082973
4,0.208497577,-0.270966048,-0.786875039,-1.00071311,-0.826391065,-0.375595797,0.2504096,0.733886242,1.000530103,0.825599404,0.310793446,-0.244508306,-0.644563936,-0.9942409,-0.730628677,-0.469912859,0.240625222,0.751861639,0.998724156,0.809067192
6,0.018039692,-0.001352288,-0.041868426,-0.165318814,-0.17889336,-0.282785541,-0.314455804,-0.292881012,-0.397692217,-0.443782222,-0.48005966,-0.510792198,-0.614665095,-0.638745316,-0.758452691,-0.732644685,-0.803770465,-0.854083073,-0.892248777,-0.947230552
5,-0.015135919,0.008077217,0.0972089,0.140954905,-0.085724194,0.226158008,0.294577588,0.342293416,0.376701006,0.129890597,0.264363067,0.515229092,0.528677395,0.625525367,0.681664607,0.656779869,0.799630736,0.853663761,0.927282459,1.106552819
4,0.314711528,-0.215005538,-0.757474666,-1.116613282,-0.883110589,-0.368529694,0.249856807,0.747131471,1.017365164,0.897662629,0.409695902,-0.269549965,-0.737144666,-0.997295433,-0.943720811,-0.432849194,0.267184762,0.73613929,1.002645995,0.827742931
5,0.012388367,0.056631489,0.060775819,0.156266144,0.204606617,0.20976437,0.276345096,0.364471653,0.378840807,0.45712282,0.509911978,0.590322824,0.590908696,0.621211172,0.714206784,0.751298998,0.83337525,0.803356998,0.891245485,0.937521313
2,-1.01980938,-0.820428535,-0.31130857,0.286653341,0.848850325,1.033055627,0.810503079,0.321934694,-0.274598027,-1.069281831,-1.028478341,-0.800539965,-0.455960267,0.282683689,0.875940566,1.024005574,0.799509271,0.355499154,-0.24393129,-0.890854236
1,-0.372587648,0.232066867,0.79741976,0.975722874,0.711558452,0.340401012,-0.228469122,-0.761715372,-0.983449399,-0.850202403,-0.357140089,0.257373909,0.784875062,0.989064325,0.730566393,0.434750036,-0.235629038,-0.812190804,-0.99452995,-0.850831326
4,0.227963134,-0.302834356,-0.863501879,-0.992365694,-0.831155005,-0.369366317,0.265897137,0.778846622,0.990395501,0.839988576,0.419151789,-0.140393965,-0.758526019,-1.014130658,-0.887137013,-0.380550384,0.24433291,0.81737812,1.002023237,0.830766129
6,0.008096005,-0.007241059,-0.150434919,-0.192619188,-0.181969613,-0.198033246,-0.216867324,-0.413675333,-0.401846149,-0.452676325,-0.650661586,-0.583929605,-0.589471459,-0.633796811,-0.730158299,-0.747786292,-0.848276316,-0.900504629,-0.919723145,-0.970161932
5,0.044381469,0.079568568,0.090542551,0.158453293,0.286288659,0.106213512,0.252671286,0.421129419,0.377114381,0.397306488,0.716139911,0.453044882,0.588419028,0.652677601,0.514756949,0.753781475,0.791350364,0.852682438,0.921412744,0.939587257
2,-1.030960651,-0.829921774,-0.392925377,0.283229365,0.769950025,1.022665831,0.82299397,0.373784043,-0.317399767,-0.802590018,-0.984683271,-0.774555039,-0.334347762,0.264537693,0.798746921,0.979728125,0.81616219,0.331655105,-0.297587623,-0.830981028
2,-1.011877921,-0.815351377,-0.345969751,0.249228396,0.786406409,1.011811716,0.822507182,0.336463115,-0.399456036,-0.817866907,-1.006547688,-0.724724478,-0.340738498,0.401309597,0.791465671,0.963032002,0.820777038,0.427776607,-0.248559272,-0.798785753
2,-0.984599672,-0.81372627,-0.337473667,0.271537115,0.755984148,0.994831437,0.820399692,0.345376257,-0.273730556,-0.719919163,-1.068667793,-0.898122243,-0.301919446,0.291186921,0.855392423,1.012870855,0.813093322,0.322831169,-0.293279369,-0.805432329
1,-0.367858325,0.218521158,0.736174845,1.015219866,0.855827801,0.403838257,-0.239757618,-0.776424414,-1.030960591,-0.789753098,-0.379729138,0.244999933,0.740246435,0.946475365,0.883058812,0.389522111,-0.230667493,-0.760711224,-0.987952409,-0.887414302
2,-0.987256585,-0.821962093,-0.320146318,0.290497799,0.781414653,0.962724822,0.819663615,0.311515307,-0.269420687,0.002828117,-1.004152188,-0.846326106,-0.313140782,0.261225542,0.771089519,0.990164241,0.79897196,0.318450142,-0.290901658,-0.782637814
4,0.395754402,-0.273536363,-0.795735394,-1.035965396,-0.829378737,-0.360318637,0.25685393,0.740095118,0.972523642,0.869474545,0.347544098,-0.259507329,-0.773222454,-1.004701441,-0.873487906,-0.372504455,0.262954564,0.780564436,1.019758173,0.769514191
2,-1.023862344,-0.815490439,-0.317001217,0.089292297,0.82414888,1.076417938,0.845635521,0.318919601,-0.343731581,-1.056756627,-0.914165278,-0.865390146,-0.307064813,0.151383107,0.796323984,0.992125095,0.732776461,0.391208327,-0.293358611,-0.797055358
6,0.001384622,0.013829969,-0.071303134,-0.139657879,-0.1870059,-0.276558168,-0.322795792,-0.358199606,-0.446737568,-0.51235425,-0.569128799,-0.607560882,-0.497803196,-0.796652768,-0.701189782,-0.739862696,-0.750552527,-0.800114518,-0.897857699,-0.968547846
4,0.43072889,-0.274255976,-0.786428726,-0.950493447,-0.854724949,-0.36301438,0.289403668,0.777585164,0.978494558,0.834312082,0.242843812,-0.236216551,-0.759387574,-0.99571037,-0.836415175,-0.343359065,0.252042799,0.778027987,1.003155457,0.833087884
4,0.361066474,-0.28695133,-0.716216123,-0.994848155,-0.836343268,-0.338793163,0.268562751,0.820367725,0.989900289,0.846517781,0.255372093,-0.251021329,-0.786364316,-0.984459982,-0.827280904,-0.372317864,0.264569005,0.77334921,0.983339656,0.916172657
4,0.31406767,-0.249779203,-0.774008873,-0.990514395,-0.877673563,-0.358909645,0.263882191,0.740069924,0.9110507,0.821279191,0.411416548,-0.196708434,-0.780081602,-0.961458835,-0.793374847,-0.247629239,0.167718904,0.756728267,1.003753829,0.827357307
3,-0.67726157,-1.105883091,-0.917306241,-0.537345204,0.084346454,0.685336237,0.993515207,0.873071722,0.464402244,0.009357531,-0.649322921,-0.642447505,-0.895537166,-0.242815334,0.149068696,0.646097687,0.990658215,0.895571115,0.596453874,-0.063041909
5,-0.105048892,0.095130522,0.116421672,0.167546205,0.246127113,0.363155891,0.305415346,0.350729032,0.29968636,0.40969171,0.45725045,0.577206044,0.588797737,0.717990288,0.896823908,0.742213953,0.773140075,0.743453553,0.909792408,0.938479374
5,0.031819016,0.040814387,0.068943034,0.162058476,0.209938752,0.252932433,0.285700404,0.356018484,0.282931769,0.436297285,0.493981423,0.602321397,0.554154357,0.601430947,0.423684837,0.771718617,0.822464368,0.74112433,0.952042789,1.043018978
5,-0.058493458,0.052223231,0.113444712,0.161231842,0.249458445,0.137858415,0.258719697,0.409491186,0.379050233,0.447136076,0.464932723,0.621230444,0.561341809,0.578461451,0.749537342,0.803277484,0.818757868,0.733827756,0.895620181,0.964458907
6,0.013161023,-0.117928486,-0.070024232,-0.157000499,-0.201123416,-0.265456419,-0.300752124,-0.383246246,-0.394468306,-0.462124952,-0.482193514,-0.545061154,-0.628632793,-0.657466903,-0.746258015,-0.744999439,-0.801324994,-0.920816987,-0.925594458,-0.964529834
2,-1.018447731,-0.803340862,-0.276401963,0.317338594,0.634314292,0.915530569,0.731497151,0.45984277,-0.19235344,-0.871998578,-0.99247088,-0.852474058,-0.362455181,0.545779334,0.978904156,0.869208789,0.837211233,0.345869646,-0.0922999,-0.486373293
3,-0.566750572,-0.96292048,-1.090366566,-0.518892596,-0.074887105,0.66944638,0.945247871,0.866004424,0.523045919,0.003865657,-0.467761074,-0.953822028,-0.713796072,-0.517611819,0.064461208,0.66200443,1.118582743,0.915859341,0.518646723,0.148878899
6,0.006120498,-0.092266544,-0.287471042,-0.154967116,-0.198857938,-0.2934913,-0.298171433,-0.372681094,-0.398487938,-0.464228563,-0.020659971,-0.560674198,-0.702674066,-0.657676736,-0.704325688,-0.72473952,-0.777139147,-0.841075673,-0.901716255,-0.888586822
2,-0.939284258,-0.807783581,-0.343401101,0.340107824,0.782321756,1.003718037,0.794409951,0.312155954,-0.28788078,-0.654965342,-1.005329797,-0.811743473,-0.337463251,0.290460449,0.794909114,1.00470457,0.887052384,0.360871518,-0.286974063,-0.795180405
2,-0.959155587,-0.723055727,-0.288845718,0.300051201,0.624102377,0.88039534,0.865762599,0.312026843,-0.285085635,-0.796067385,-1.005789003,-0.876292815,-0.221286122,0.378919337,0.789989555,0.972929412,0.82728522,0.320231361,-0.226262424,-0.769168595
5,-0.096033988,0.016923115,0.108271345,0.090705954,0.013944756,0.047173549,0.29631493,0.494089704,0.426973321,0.445073263,0.373416583,0.552759554,0.57670956,0.651257489,0.656246213,0.727186125,0.779928974,0.853412722,0.934994095,0.796256193
5,0.006491484,0.040026972,0.064477972,0.219120105,0.190317989,0.259614388,0.287726397,0.348758618,0.322165941,0.433242353,0.294025024,0.515520814,0.535890421,0.664017143,0.700028937,0.776257077,0.746283295,0.820979179,0.936966908,1.072374974
1,-0.379735422,0.184333525,0.712623168,1.406730156,1.043045067,0.465961252,-0.315015842,-0.819649322,-0.972857904,-0.927042097,0.079377471,0.288377557,0.81546861,0.990272856,0.766123063,0.360728245,-0.241361139,-0.628767454,-0.945020165,-0.840248246
6,0.002741868,-0.088270907,-0.102699573,-0.140447796,-0.191009144,-0.230095219,-0.297620543,-0.333632327,-0.378971171,-0.460827714,-0.52174141,-0.523078467,-0.585051652,-0.745712066,-0.697882968,-0.7695307,-0.783185543,-0.8180049,-0.897439794,-0.974153071
2,-0.970984688,-0.735876177,-0.311418048,0.387316928,0.860605492,0.968207344,0.844729592,0.28731347,-0.275147437,-0.6700639,-0.861012555,-0.916398471,-0.309570413,0.283877658,0.776425935,0.926385467,0.793894426,0.337546917,-0.153313057,-0.798653881
4,0.386200918,-0.237712337,-0.777310329,-0.983755304,-0.816110976,-0.30331641,0.250565301,0.782606901,0.957380924,0.821553133,0.375858889,-0.267113048,-0.746564193,-1.001565599,-0.834204743,-0.343997777,0.22440871,0.748464816,1.004597979,0.843642152
5,-0.013110112,0.058774577,0.172103659,0.159804453,0.2227982,0.254453648,0.320772212,0.346889487,0.504891401,0.372148397,0.453951302,0.528771194,0.52088516,0.770499212,0.715567117,0.742044126,0.75612504,0.845611548,0.881950985,0.878213504
6,0.097111083,-0.098367833,-0.217843555,-0.150149889,-0.285182397,-0.126526317,-0.310159931,-0.388683522,-0.416230401,-0.430328306,-0.614281767,-0.558055971,-0.606877437,-0.645601163,-0.720436155,-0.756997604,-0.807051732,-0.858075671,-0.893119832,-0.943337029
6,0.039919027,-0.095812004,-0.061693498,0.076408886,-0.144057878,-0.276873027,-0.367786625,-0.350276215,-0.414114313,-0.371589813,-0.511647384,-0.57907924,-0.566261168,-0.557504778,-0.704884877,-0.709889122,-0.928722076,-0.829986909,-0.948349358,-0.917234038
6,-0.088680547,-0.042486116,-0.18387006,-0.139981556,-0.231018861,-0.19883669,-0.27873258,-0.38719571,-0.391199302,-0.626226675,-0.581573012,-0.55861213,-0.456638828,-0.655126401,-0.751577603,-0.744938003,-0.771274754,-0.840073513,-0.878486386,-1.256346362
4,0.332144101,-0.361348452,-0.780374516,-0.971431094,-0.74558252,-0.363374637,0.256219468,0.829348505,0.916337809,0.830863612,0.314487986,-0.23929936,-0.740531967,-0.893808854,-0.835984677,-0.365742375,0.238694547,0.801432348,1.062112549,0.841650958
2,-0.993154234,-0.860843831,-0.320184737,0.294537225,0.803911367,0.993397813,0.812028612,0.329421788,-0.314599943,-0.826646347,-0.781312938,-0.813971201,-0.394812992,0.388409812,0.84242584,1.007496851,0.823613894,0.371628446,-0.277684409,-0.838306004
3,-0.621047819,-0.960436312,-0.940355258,-0.526590162,0.085228826,0.638881999,0.964415816,0.902419712,0.531453547,-0.004586613,-0.600706877,-0.950920113,-0.903563761,-0.542344845,0.151429808,0.63120498,0.968591445,0.915407213,0.538872158,-0.025374785
2,-0.956006814,-0.848318196,-0.331974169,0.331801723,0.826062302,0.991343547,0.791274343,0.391832929,-0.325434312,-0.82173683,-1.015387533,-0.746938788,-0.335313159,0.316744635,0.794786794,1.10265194,0.803609848,0.265152002,-0.317265353,-0.782110626
1,-0.41101518,0.264660006,0.790265951,0.993397581,0.873208594,0.381197852,-0.231228816,-0.750020353,-0.977520235,-0.851145014,-0.331170697,0.362925712,0.773702454,0.995468844,0.856612746,0.408252067,-0.295311702,-0.771657627,-0.979696068,-0.844966462
1,-0.377419473,0.384215492,0.917274261,0.996785591,0.825458068,0.399635721,-0.229416524,-0.831155579,-1.064632511,-0.446206074,-0.46230149,0.223786553,0.897774867,0.917291854,0.994853137,0.374778459,-0.183588839,-0.760804117,-1.046122355,-1.044728477
4,0.325452459,-0.278761265,-0.779348635,-0.985773061,-0.842061303,-0.359741426,0.255089157,0.789598614,1.001349398,0.775859034,0.402519531,-0.242125823,-0.783771107,-0.956504508,-0.735926748,-0.369361795,0.278800345,0.763122705,1.00343074,0.835708183
5,-0.054093576,0.06534718,0.085893076,0.148442596,0.142107506,0.230693208,0.301247072,0.364929731,0.430099754,0.452352807,0.559990843,0.540488118,0.612133191,0.644062304,0.724233237,0.760690124,0.787906424,0.843820451,0.886202831,0.951218046
1,-0.324309058,0.2424842,0.727782715,0.983953838,0.996900263,0.257290233,-0.288245819,-0.761158031,-0.979085421,-0.74603019,-0.442195104,0.22861671,0.621164617,0.867035912,0.764063813,0.465522865,-0.249038757,-0.782635245,-1.059209507,-0.820159721
6,-0.132538605,0.041043936,0.097285938,-0.153334687,-0.187816572,-0.35591283,-0.295436888,-0.662609088,-0.398836489,-0.513658906,-0.541558534,-0.543969829,-0.591985222,-0.642553317,-0.800911056,-0.767795149,-0.794865435,-0.846096596,-0.905618495,-1.054625411
1,-0.401244849,0.22646493,0.854303815,1.003840033,0.819699369,0.392514592,-0.225205955,-0.779494522,-1.003032804,-0.810386646,-0.309493776,0.240785506,0.721989801,0.899109253,0.855015481,0.332706997,-0.237826599,-0.761354743,-0.993741209,-0.852570596
3,-0.626479483,-0.967045749,-1.032571038,-0.435402171,0.111691574,0.646557135,0.913175689,0.935220383,0.547825199,-0.062888517,-0.650777375,-0.975617157,-0.93788688,-0.548365227,0.05400747,0.656172812,0.962276453,1.022838912,0.506658623,-0.078040911
6,-0.111748747,-0.091748206,-0.321967789,-0.193193385,-0.232134007,-0.244050369,-0.296357088,-0.347920126,-0.437671155,-0.381523941,-0.519596049,-0.545011756,-0.047836121,-0.6327095,-0.712701563,-0.722937479,-0.756598674,-0.90588981,-0.888885044,-0.760561197
1,-0.417865028,0.170389019,0.762421729,0.961538654,0.968833245,0.248242459,-0.235614,-0.716283767,-1.000908708,-1.059044108,-0.408492192,0.180074846,0.716201586,0.97126502,0.88176035,0.379952904,-0.238628928,-0.770381423,-1.042873819,-0.843200943
4,0.318185213,-0.236531261,-0.789805707,-0.997378226,-0.785328899,-0.344022682,0.275777047,0.742232339,1.00114778,0.866242088,0.315455788,-0.194728972,-0.858096393,-1.04317419,-0.908107073,-0.405123324,0.245947865,0.798828611,0.99546611,0.824527274
3,-0.405289477,-0.938675017,-0.939752233,-0.537669665,0.088516936,0.642283201,0.963580862,0.923802065,0.609503388,-0.162470714,-0.65077525,-1.051535133,-0.963665706,-0.573193126,0.134628903,0.640996755,0.979749272,0.930415325,0.501018728,-0.074337074
4,0.395541096,-0.339769211,-0.676649282,-1.00547768,-0.687523202,-0.371262809,0.272456229,0.778941411,0.962211208,0.882194723,0.293297119,-0.286517462,-0.690333449,-0.996388865,-0.846403849,-0.375803381,0.257033479,0.791119364,0.990430117,0.890366275
2,-1.010158305,-0.817415808,-0.329768244,0.298019232,0.809921317,0.970471251,0.810882929,0.316054761,-0.286163236,-0.810300336,-1.001241596,-0.801124776,-0.329438095,0.301570976,0.815467932,0.97248537,0.831688421,0.325476295,-0.291981715,-0.59334636
4,0.420285895,-0.252360347,-0.771881851,-0.982742235,-0.813363081,-0.390430227,0.263245294,0.779036824,0.977789499,0.953343482,0.78590098,-0.311385463,-0.763433499,-0.996006124,-0.838152455,-0.361721845,0.288121403,0.756632269,1.00585847,0.809300822
4,0.341808953,-0.287236848,-0.764468531,-1.001590324,-0.796380436,-0.355838067,0.216758388,0.847519001,1.03114885,0.836388846,0.34817513,-0.301092479,-0.780251215,-1.010384773,-0.938864033,-0.349016549,-0.192717749,0.703972997,0.994451172,0.991803784
3,-0.610696314,-0.944361181,-0.908430366,-0.527211197,0.10660348,0.629447551,0.971971761,0.90282834,0.527997774,-0.148127347,-0.599389652,-0.982360953,-0.817929778,-0.565623143,0.08688356,0.618460894,0.965181629,0.895929924,0.524747758,-0.092816808
3,-0.657015545,-0.959861099,-1.009661149,-0.558166242,0.043396511,0.691682539,0.978652506,1.020360191,0.564620172,-0.218209658,-0.692497964,-0.984984539,-0.933821647,-0.388907813,0.012441817,0.636036103,0.93242789,0.924536583,0.398351023,-0.069181041
1,-0.30282008,0.264609354,0.81980299,0.997060667,0.815589087,0.400423192,-0.259283014,-0.710344326,-0.996262205,-0.647460567,-0.381192314,0.41176647,0.767536399,0.991724554,0.860928025,0.336005183,-0.254326905,-0.724823005,-0.979879141,-0.88127826
2,-1.092100196,-0.819746862,-0.729502464,0.276653876,0.817828631,0.991209765,0.898040764,0.333643092,-0.287516647,-0.827841096,-0.842770362,-0.889217791,-0.245982927,0.308992852,0.799986001,0.952015374,0.877326008,0.320948786,-0.20980895,-0.802709922
3,-0.636124123,-0.963723985,-0.898756853,-0.499742307,0.03226125,0.636616171,0.914582133,0.94450039,0.470268695,-0.043921304,-0.299623456,-0.936194563,-0.953940294,-0.499826062,0.088055489,0.654088021,1.008451998,0.877578157,0.557146209,0.04335295
2,-1.075664105,-0.816609847,-0.349843775,0.238613457,0.871045418,1.114676363,0.804291239,0.292246633,-0.334920069,-0.767387866,-0.978858628,-0.664240354,-0.2080661,0.341918013,0.841551273,1.044489492,0.829849682,0.282110874,-0.295521193,-0.792922416
4,0.412951364,-0.334409187,-0.924632378,-0.980141998,-0.739065161,-0.407127762,0.261319612,0.823191133,0.979858041,0.865489972,0.407879941,-0.201352596,-0.740564185,-0.94137786,-0.834571606,-0.490571472,0.249658548,0.681036857,0.995674711,0.890221703
3,-0.722567272,-0.978370142,-0.903968457,-0.501835069,0.082729361,0.717523994,0.992343049,0.829566665,0.538070056,0.089874572,-0.651145637,-0.976914039,-0.949294236,-0.494191117,0.084145824,0.72196853,0.912766548,1.078632234,0.513075268,-0.080309609
4,0.367008629,-0.196929941,-0.842805805,-0.949083367,-0.791629709,-0.335153448,0.271757535,0.753400431,1.009499623,0.853844236,0.517324631,-0.299048722,-0.752355617,-0.999162925,-0.89130597,-0.345091583,0.258376398,0.760397492,1.005518176,0.733582768
1,-0.432900256,0.205871415,0.748742104,0.955085212,0.843202357,0.430812738,-0.129291001,-0.787765349,-1.014409921,-0.884796551,-0.382209713,0.520478886,1.109650209,0.900907047,0.897187969,0.405696685,-0.246000288,-0.842166532,-1.034654644,-0.80920643
3,-0.622068089,-0.966779058,-0.95422388,-0.516024546,0.097538178,0.634878353,0.96682124,0.919477618,0.503059847,-0.181963509,-0.707479875,-1.001653865,-0.839405346,-0.519217573,0.104443191,0.647134617,0.965246392,0.910444353,0.554449374,-0.079408223
6,-0.024636568,-0.05548144,-0.111556079,-0.124470009,-0.198387682,-0.303215563,-0.291179577,-0.350919505,-0.4148516,-0.433532136,-0.519718915,-0.571491691,-0.584620992,-0.710877368,-0.668333746,-0.780896212,-0.791437891,-0.857009415,-0.869224543,-0.96410922
2,-1.029860164,-0.829694218,-0.310128055,0.332464357,0.830290825,1.035030098,0.803715508,0.315573685,-0.21562432,-0.744658815,-0.993654871,-0.818837671,-0.294482068,0.3537932,0.755257318,0.947906966,0.864507224,0.292137731,-0.270005622,-0.791149543
3,-0.559048853,-0.983559289,-1.027486411,-0.462384019,0.067203648,0.670098777,0.970036137,0.969003812,0.580202705,-0.082059287,-0.60412607,-1.038778876,-0.910096039,-0.31397646,0.131627774,0.636229002,0.957697469,0.983992079,0.592558208,-0.047420362
4,0.278869006,-0.183905344,-0.736198935,-1.009537485,-0.891740395,-0.278423141,0.254276493,0.84656459,0.891076803,0.821225251,0.381083922,-0.255067392,-0.796503537,-0.831217274,-0.843991214,-0.38354065,0.274325995,0.746128545,0.945350436,0.845412076
2,-0.996624656,-0.844561639,-0.307629902,0.291504468,0.737891497,1.026788812,0.828183365,0.303851872,-0.206030273,-0.754004918,-1.000542804,-0.840426025,-0.329652012,0.298479825,0.76932726,1.045290282,0.821307829,0.375633314,-0.044120973,-0.801489537
2,-0.989124607,-0.761027031,-0.38685118,0.307655638,0.80983905,0.999171742,0.828694019,0.436762592,-0.284754872,-0.850558211,-1.043396159,-0.876413299,-0.346958108,0.276441171,0.788833444,0.997459649,0.815250427,0.348488477,-0.308666802,-0.796730626
6,0.041144945,-0.066959813,-0.309344083,-0.128922646,-0.435668099,-0.300299513,-0.264896646,-0.337898587,-0.323733787,-0.297429334,-0.399661577,-0.529531606,-0.596469101,-0.615547596,-0.69692724,-0.824526855,-0.78663318,-0.810425931,-0.899692315,-1.490928341
2,-0.959015678,-0.982727235,-0.161883399,0.308423526,0.830765024,0.960745111,0.831384025,0.340691635,-0.440732026,-0.71501192,-0.934049758,-0.818131279,-0.25530647,0.32798873,0.75723269,1.012335558,0.845811028,0.329588657,-0.228869535,-0.92147167
2,-0.939823563,-0.876464863,-0.368828186,0.445450089,0.78903561,1.061695483,0.829245794,0.272243181,-0.347286247,-0.834176287,-1.005383357,-0.824756823,-0.145629044,0.366978766,0.636954144,1.063113415,0.779146196,0.264004379,-0.273388357,-0.574718875
5,-0.133569796,0.072234279,0.035897957,0.14065448,0.219068137,0.205312389,0.314841971,0.326625812,0.402644167,0.438337623,0.63665497,0.552802654,0.530008436,0.636728084,0.688144761,0.744515581,0.825057171,0.859635674,0.909401713,0.683273725
5,0.029185445,0.002857609,0.118145435,0.14974968,0.142029319,0.20785603,0.299675414,0.372229607,0.405365766,0.431178449,0.476549235,0.606633841,0.564840486,0.597011711,0.70196146,0.763291057,0.797780162,0.798679396,0.899937952,0.985434027
2,-1.026366858,-0.891648919,-0.306734638,0.272338293,0.778644765,1.044832101,0.813895148,0.42117615,-0.279307897,-0.830099611,-0.960629,-0.804626353,-0.30021835,0.298772975,0.814273049,0.995748049,0.798942185,0.336626262,-0.32527758,-0.812447052
6,0.16933613,-0.01922962,-0.108550476,-0.193517927,-0.197282113,0.021755116,-0.260547793,-0.313006775,-0.451918694,-0.465734197,-0.603143404,-0.622266558,-0.655245794,-0.473546041,-0.750793241,-0.758682448,-0.684915479,-0.872071689,-0.887538689,-0.95682315
3,-0.612832073,-0.981176652,-1.134030396,-0.523313533,0.064125943,0.728401669,0.971822077,0.919867296,0.523243706,-0.017633041,-0.672807415,-0.959567646,-0.977846694,-0.543984904,0.082241737,0.615502914,0.965176008,0.929165472,0.607203189,-0.052974991
1,-0.35318011,0.233476706,0.771978868,1.011277592,0.837638495,0.395564588,-0.227593708,-0.787335878,-0.986747389,-0.903976875,-0.143854196,0.218654278,0.768710429,0.965005388,0.856833607,0.370487995,-0.222470824,-0.729859696,-1.02258511,-0.850479733
2,-0.975216404,-0.776026711,-0.324874437,0.290555198,0.846165588,0.996935354,0.818192144,0.317753597,-0.343896222,-0.765464679,-1.022523905,-0.814254106,-0.325015725,0.297305327,0.793888973,0.996106951,0.828862235,0.342897459,-0.230284932,-0.803074607
6,-0.028912146,-0.093273532,-0.320588034,-0.108363664,-0.227661522,-0.249005838,-0.298376186,-0.341998562,-0.398979148,-0.46112778,-0.138592499,-0.579174922,-0.472770254,-0.664048957,-0.621329076,-0.747304849,-0.802044483,-0.834346061,-0.914967329,-0.957214201
3,-0.724130396,-0.942606334,-0.922145686,-0.523764571,0.110241236,0.682002133,0.987203001,0.906272335,0.618291413,-0.17372556,-0.648831293,-0.99008078,-0.915910387,-0.412810127,0.04806726,0.716389378,0.876300283,0.907652561,0.543235628,-0.068979058
5,-0.000716246,0.062803012,0.088015378,0.163562744,0.177212154,0.251289178,0.3,0.351647834,0.486387631,0.330669098,0.51326812,0.502635686,0.590617419,0.580074281,0.807936689,0.812738689,0.821902562,0.793541826,0.861277661,0.962069924
5,-0.021971746,0.025032245,0.036703487,0.131006815,0.205392301,0.236588188,0.322462564,0.317961364,0.401761094,0.466570687,0.468665571,0.567733387,0.60553983,0.689745717,0.706018015,0.76034746,0.805699199,0.856759291,0.885465414,0.895665539
6,0.047981713,-0.095473239,-0.344303825,-0.123021043,-0.280033756,-0.225883482,-0.419364426,-0.183025895,-0.494034131,-0.534894273,-0.396087502,-0.509168022,-0.611795081,-0.552163705,-0.80670868,-0.750765973,-0.799454649,-0.788359431,-0.984970215,-0.826307404
2,-1.010454736,-0.846287283,-0.315334832,0.289623645,0.758354913,1.000264785,0.836921286,0.343309471,-0.299435614,-0.795318973,-0.998316715,-0.758858541,-0.33702137,0.283705415,0.83750449,1.011453626,0.852412981,0.393587718,-0.333621925,-0.786244873
2,-1.011301424,-0.788592583,-0.322293553,0.270702261,0.804587812,0.987444464,0.847347196,0.316415616,-0.351086107,-0.786502949,-0.973594181,-0.766341626,-0.326313755,0.353093147,0.820929891,1.016746375,0.831352015,0.338997873,-0.331482889,-0.774105786
5,-0.042662567,0.052100271,0.110929887,0.148652231,0.126331652,0.246376957,0.282733542,0.344168537,0.407649022,0.425794435,0.523479956,0.544703061,0.611010168,0.662053929,0.661094875,0.707983888,0.7946277,0.840624818,0.865086472,0.950361658
3,-0.641301888,-1.013596456,-0.914374082,-0.55246551,0.068585769,0.572877558,0.969880898,0.870498277,0.500254258,-0.087491728,-0.741342676,-1.007231723,-0.916870966,-0.542232449,0.101999142,0.615243695,0.969203414,0.963606389,0.452486786,-0.014534818
3,-0.631775752,-0.981993196,-0.911254233,-0.557656537,0.078553818,0.746061092,0.934751506,0.853457179,0.365955352,-0.432172761,-0.455763077,-0.960231441,-0.948952444,-0.587197624,0.053268922,0.564837972,0.963539272,0.90016678,0.462499618,-0.041434147
6,-0.006330617,-0.039359909,-0.336638264,-0.133017442,-0.597002857,-0.262370412,-0.281297517,-0.364303839,-0.387975751,-0.407734308,-0.558594842,-0.447736107,-0.617850351,-0.682819544,-0.66464553,-0.795457947,-0.784711494,-0.849877107,-0.928285382,-0.949965742
1,-0.391229259,0.20009717,0.766187357,0.983107634,0.845703013,0.329741484,-0.238165212,-0.775856051,-0.995355261,-0.814666655,-0.353270116,0.212513586,0.753657088,0.972898543,0.866823563,0.374025366,-0.231677032,-0.790833421,-0.997362217,-0.849935597
3,-0.649627127,-1.00265297,-0.940600021,-0.560501245,0.091433197,0.650806239,0.978835551,1.032688571,0.732119808,-0.104639528,-0.641670328,-1.261859968,-0.898728626,-0.644794154,-0.009137517,0.588599843,0.966959573,0.894278043,-0.17712326,0.271751054
2,-0.972567719,-0.80475045,-0.076346951,0.334802716,0.849408667,0.909445306,0.816270135,0.30213714,-0.264024058,-0.669455599,-0.951961487,-0.806423077,-0.422144263,0.298121367,0.800250701,0.930448381,0.823536307,0.313919396,-0.316313926,-0.732053197
4,0.533450748,-0.245474,-0.775569845,-0.955731427,-0.838230292,-0.368097898,0.265631786,0.779181345,1.108701157,0.818967667,0.360550233,-0.288663731,-0.803133946,-1.005435703,-0.89553151,-0.410773931,0.257394833,0.828157314,1.059946081,0.866325211
2,-0.910919394,-1.006521378,-0.386516262,0.290942749,0.815501949,1.27136104,0.845843635,0.356951285,-0.262498366,-0.794748061,-0.99999152,-0.808009857,-0.334352641,0.274499127,0.794379906,1.053170279,0.837602075,0.321896523,-0.285860724,-0.756352427
4,0.366243227,-0.262364052,-0.795180552,-0.96674118,-0.856672652,-0.349879364,0.259818463,0.725158827,1.004184895,0.797007819,0.329807774,-0.255787847,-0.790918983,-1.058204463,-0.82276554,-0.330253735,0.180828279,0.763169758,1.005008221,0.969663933
3,-0.682165408,-1.009240923,-0.935616649,-0.494727338,0.087511846,0.664115597,0.975014641,0.943379211,0.460870268,-0.063029473,-0.659053824,-0.94896376,-0.914356433,-0.522401976,0.093091661,0.654470847,0.979830352,0.817385996,0.552425896,-0.076833725
5,0.012011122,0.297567861,-0.007515386,0.208847308,0.202729123,0.203077983,0.318792377,0.458309485,0.295407889,0.425775494,0.549204125,0.55979376,0.597522097,0.598946626,0.677051989,0.64542666,0.912543399,0.972883221,0.864195721,0.95466793
4,0.384270823,-0.25696152,-0.698769737,-1.034044405,-0.660175666,-0.311008681,0.251128799,0.804889414,0.938063021,0.849374489,0.364845387,-0.242242485,-0.77001926,-0.988972893,-0.917210865,-0.491685101,0.146543463,0.704067631,0.991158627,0.886176894
2,-0.972190583,-0.80850919,-0.350457787,0.289248337,0.718949858,0.980958992,0.821293073,0.328355822,-0.307716179,-0.823822377,-0.914636238,-0.669537423,-0.355053333,0.295569971,0.820977679,0.995869513,0.80472983,0.304156636,-0.28410257,-0.641141096
4,0.291238343,-0.385352512,-0.85435562,-0.92159708,-0.544925589,-0.340291383,0.295933286,0.773599595,0.903470873,0.691558932,-0.185026026,-0.307086962,-0.904253011,-0.972716666,-0.812023916,-0.417998891,0.226078522,1.028229936,0.974317078,0.830216188
1,-0.380242295,0.201991932,0.961855556,0.986095872,0.783901095,0.399000614,-0.224965251,-0.533519064,-1.011246957,-0.884516853,-0.452197444,0.243629985,0.626541025,1.010333338,0.875506995,0.408498343,-0.244499774,-0.777358384,-1.025939778,-1.398803584
6,0.020520891,-0.07062687,-0.289291056,-0.168141281,-0.202129695,-0.258265422,-0.307053087,-0.357668467,-0.358671118,-0.465754035,-0.504309738,-0.56442125,-0.618299277,-0.728824845,-0.695812605,-0.733607646,-0.807472308,-0.880739426,-0.895520913,-0.960199518
1,-0.344213172,0.257029117,0.744468043,1.002559796,0.843324021,0.365165867,-0.236848851,-0.747061985,-0.969394578,-0.798401206,-0.383433021,0.234992403,0.755245405,1.019143322,0.883583531,0.359829115,-0.213727798,-0.804495112,-1.016778297,-0.81689484
3,-0.541554164,-1.065882444,-0.578157401,-0.477435882,0.029380688,0.659407821,0.860147492,0.833735503,0.549635948,-0.100011304,-0.183007005,-0.959123232,-0.821287783,-0.472668057,0.040978953,0.633618043,0.926546643,0.956679902,0.539308133,-0.083435659
4,0.360960098,-0.261120881,-0.834911629,-1.03693623,-0.836696546,-0.366022032,0.25146589,0.80175501,1.002727441,0.880025653,0.38648529,-0.242103143,-0.845782019,-1.001581994,-0.777878301,-0.358692057,0.228322685,0.787404133,1.022858736,0.876127546
6,-0.0213206,-0.090256652,-0.118893564,-0.135951933,-0.123848198,-0.244199231,-0.341354993,-0.362842291,-0.415329371,-0.458761475,-0.495830382,-0.562677213,-0.5846149,-0.620652784,-0.701201227,-0.760330693,-0.877070041,-0.867498517,-0.910662886,-0.962265201
6,0.027594574,-0.070182347,-0.196708322,-0.139919956,-0.254819726,-0.288870819,-0.29384407,-0.338676052,-0.382631709,-0.428652739,-1.041912272,-0.559604865,-0.860037527,-0.639319535,-0.709550196,-0.763815831,-0.849297056,-0.848790124,-0.920225957,-0.957894224
6,-0.105856687,-0.100469034,-0.102652709,-0.137967684,-0.20292947,-0.286574524,-0.311342391,-0.351242369,-0.29868896,-0.409272701,-0.51069599,-0.563759901,-0.600760476,-0.634460859,-0.711945888,-0.751392716,-0.794798472,-0.845729546,-0.837080589,-0.96491566
6,-0.043300291,0.041713056,-0.184562939,-0.164209391,-0.319589107,-0.439513579,-0.262123993,-0.2908552,-0.388587809,-0.186053301,-0.483217456,-0.505971483,-0.705234609,-0.888544417,-0.988504762,-0.726949148,-0.757115415,-0.878661575,-0.854330821,-0.951011407
6,0.021769226,-0.05735458,-0.113895515,-0.165503093,-0.210761427,-0.235935544,-0.306201266,-0.353379744,-0.40873052,-0.460449687,-0.408634038,-0.572840268,-0.469114001,-0.653154441,-0.691375989,-0.870937208,-0.796592462,-0.835452299,-0.875934948,-0.953156636
4,0.390087966,-0.266023693,-0.799721753,-1.066726507,-0.861534986,-0.200371483,0.251440395,0.683351967,1.001792702,0.649406319,0.163810327,-0.28062936,-1.039695246,-0.992553762,-0.859647327,-0.354068108,0.247441332,0.810615819,1.022049728,1.064846204
5,-0.122048623,0.06157971,0.099722173,0.137606614,0.190075117,0.245923111,0.310272464,0.336551799,0.40862912,0.436989891,0.520865231,0.533612247,0.590025603,0.620043931,0.702890584,0.755635458,0.801260328,0.852742762,0.879752876,0.959321053
6,0.025552997,-0.061974588,-0.086695682,-0.145713209,-0.08919318,-0.233598997,-0.314566863,-0.330131772,-0.381904076,-0.450907686,-0.501275434,-0.549013248,-0.623621003,-0.614361154,-0.706781495,-0.696526076,-0.79341244,-0.822035929,-0.844868654,-0.949903292
4,0.347001475,-0.271276782,-0.798567453,-0.981015975,-0.848628561,-0.405073753,0.260728761,0.775246705,0.993003365,0.822077064,0.561552677,-0.254982599,-0.797621867,-1.007821309,-0.840076271,-0.340525064,0.251066272,0.794933864,0.9819645,0.840940348
1,-0.388769518,0.219200735,0.675383387,0.995907278,0.861006727,0.347308128,-0.271787816,-0.850600027,-1.04315908,-0.744651282,-0.389452759,0.145714898,0.651338913,0.875251805,0.88881362,0.370767188,-0.22811617,-0.697984976,-1.024704222,-0.848075625
4,0.336699715,-0.318886537,-0.787267,-0.924296584,-0.986737104,-0.438685024,0.253535864,0.970585348,0.890508555,0.82980519,0.359273644,-0.272921352,-0.761781262,-1.071856202,-0.926124174,-0.35312273,0.288351128,0.789618828,1.010249686,0.819369712
3,-0.706245335,-0.978278243,-0.899378897,-0.52678023,0.028984588,0.797381879,0.968990887,0.912607427,0.506482132,-0.092297326,-0.668937226,-0.98324345,-0.932855516,-0.494548013,0.116086235,0.781395519,0.890848534,1.018794602,0.57294061,-0.07676466
5,-0.069758772,0.137215585,0.114965023,0.162752059,0.125365504,0.260848291,0.239835603,0.276027665,0.391074884,0.287944096,0.626622622,0.542860799,0.620466682,0.680103843,0.484266,0.717401518,0.839359961,0.796148911,0.967855663,1.43805066
6,4.75204E-06,-0.049941213,-0.117790941,-0.179006636,-0.431587394,-0.240233856,-0.27371895,-0.348124133,-0.496738426,-0.450691546,-0.493168984,-0.553286355,-0.585591645,-0.662588653,-0.667244841,-0.751143422,-0.8,-0.862552605,-0.887235309,-0.960255589
1,-0.382932828,0.215926963,0.799921687,0.995545924,0.868043936,0.34125599,-0.234634602,-0.763505215,-0.947604689,-0.892436926,-0.343787828,0.331798915,0.785325063,0.942825298,0.841509752,0.367100175,-0.195618215,-0.710150355,-1.031228114,-0.813103849
1,-0.499816243,0.214481795,0.807606146,0.948288907,0.795112876,0.400738589,-0.220570936,-0.776897584,-0.980808864,-0.838730338,-0.378169268,0.275200138,1.003769611,1.060812631,0.807155923,0.408297567,-0.270661141,-0.806247933,-1.068373257,-0.800241514
1,-0.360843814,0.23513093,0.691479585,0.985195693,0.959306045,0.351836661,-0.239062813,-0.748329997,-1.022917441,-0.997288666,-0.487217797,0.193699071,0.829805998,1.01631968,0.788504825,0.424923893,-0.237054272,-0.769628049,-0.999340833,-0.991077883
3,-0.66278278,-0.9398608,-0.869062826,-0.546437612,0.087239015,0.643699706,0.881591086,0.934183937,0.523169755,-0.090086816,-0.694022862,-0.949190583,-0.944580427,-0.50248404,0.071267976,0.662919851,1.011437576,0.898555705,0.523418286,-0.069154888
2,-0.920514634,-0.834771672,-0.317764421,0.286930707,0.782920491,0.990323761,0.80578782,0.39377312,-0.28214218,-0.80461897,-1.011571226,-0.879135592,-0.015836683,0.263165984,0.792307212,1.06589452,0.822069526,0.328691484,-0.298349893,-1.014201209
1,-0.401336089,0.227611244,0.768670135,1.00465298,0.833549445,0.410386814,-0.226562742,-0.803895284,-1.003520336,-0.85398355,-0.361793718,0.197783696,0.73531823,0.989384277,0.828382011,0.378865111,-0.231645442,-0.767951628,-0.998847459,-0.894154124
5,0.036667556,0.110369415,0.1,0.153546067,0.18382066,0.324699209,0.308793273,0.397045208,0.403027487,0.4168245,0.484708631,0.568502669,0.63514576,0.668979632,0.717747616,0.765680536,0.80203113,0.839443968,0.897285555,0.992550058
2,-1.033585242,-0.872396872,-0.30607422,0.270458742,0.772926239,1.017918067,0.826110129,0.334632651,-0.204479893,-0.779273704,-1.013122236,-1.055394791,-0.381950417,0.261759865,0.812861822,0.93950802,0.840518001,0.300371532,-0.433355305,-0.765707406
1,-0.384943602,0.269554302,0.729734439,0.999791405,0.836079903,0.509128341,-0.265342583,-0.743522875,-0.987180729,-0.980324852,-0.352771969,0.231380027,0.820698073,0.966456758,0.866583461,0.35645791,-0.22992732,-0.801787954,-0.998432366,-0.870205652
1,-0.204297403,0.28368109,0.59084922,0.973710669,0.939641236,0.33329664,-0.222341151,-0.731636659,-1.09211769,-0.912414374,-0.271805501,0.172336465,0.690095351,0.969296459,0.822402803,0.41546218,-0.232460934,-0.776377303,-0.99257095,-0.836714737
6,-0.0576745,-0.045064738,-0.096196906,-0.124043614,-0.20253939,-0.277099091,-0.311684472,-0.359035971,-0.39824271,-0.439667017,-0.419329009,-0.551542109,-0.708260779,-0.633948782,-0.691681309,-0.725234269,-0.775696366,-0.865076383,-0.847594221,-1.017999078
6,0.014267974,-0.068919946,-0.103415038,-0.138969202,-0.215956615,-0.258099964,-0.280923911,-0.344576584,-0.329349684,-0.431060003,-0.49650807,-0.475146511,-0.586040042,-0.61711504,-0.702494137,-0.738662768,-0.784184451,-0.966524438,-0.918413479,-0.951303705
2,-1.031434754,-0.842022611,-0.320682644,0.351519556,0.812496028,0.997256416,0.780429029,0.327289372,-0.310581651,-0.810678246,-1.095413433,-0.824823369,-0.292925475,0.314887993,0.771298073,1.07836154,0.892615439,0.278924333,-0.282300453,-0.809389079
5,0.027103976,0.043574044,0.08376878,0.131890272,0.26350607,0.250053456,0.294591284,0.339538462,0.371911052,0.403110573,0.474424841,0.542718915,0.622713732,0.582390095,0.667259702,0.704341013,0.788150454,1.000149863,0.895627436,0.989013195
